INMATEID,ADMITTED_DT,DISCHARGED_DT,CUSTODY_LEVEL,BRADH,RACE,GENDER,AGE,INMATE_STATUS_CODE,SEALED,SRG_FLG,TOP_CHARGE,INFRACTION
20203277,04/01/2019 05:37:29 PM,,MAX,N,O,M,34,DE,N,Y,125.25,Y
59163,04/01/2019 05:42:18 PM,,MAX,Y,O,M,34,DEP,N,Y,125.25,Y
20078654,04/03/2019 05:16:35 PM,,MAX,N,B,M,26,DE,N,Y,125.20,Y
20203327,04/03/2019 06:58:00 PM,,MAX,N,B,M,25,DE,N,Y,125.25,Y
20055500,04/04/2019 07:33:36 PM,,MIN,N,O,M,37,SSR,N,N,,N
152562,04/05/2019 04:56:33 PM,,MIN,Y,B,M,47,DE,N,N,105.10,N
20203392,04/05/2019 05:03:52 PM,,MED,Y,O,F,44,DE,N,N,125.25,Y
20165528,04/06/2019 12:48:14 PM,,MED,N,B,M,49,DE,N,N,110-125.25,Y
20168190,04/09/2019 07:40:35 PM,,MAX,N,W,M,34,DE,N,N,125.25,Y
20031963,04/10/2019 12:12:52 AM,,MAX,N,B,M,32,DE,N,Y,110-125.25,Y
45541,04/12/2019 01:49:07 AM,,MAX,Y,O,M,49,DE,N,N,120.10,Y
20203619,04/13/2019 01:47:19 PM,,MAX,Y,O,M,41,DE,N,N,130.65,Y
20102018,04/13/2019 02:41:00 PM,,MAX,Y,B,M,25,DE,N,Y,125.25,Y
20203679,04/16/2019 05:07:06 PM,,MIN,N,B,M,47,DE,N,N,105.05,Y
20173184,04/17/2019 01:36:03 AM,,MAX,Y,B,M,28,DNS,N,Y,,Y
20105787,04/17/2019 12:25:00 PM,,MED,N,B,M,31,DE,N,N,125.25,Y
20203698,04/17/2019 06:23:48 PM,,MED,Y,B,M,30,DE,N,N,110-130.35,N
109923,04/17/2019 07:29:26 PM,,MED,N,O,M,40,DE,N,N,120.10,Y
20107264,04/17/2019 08:36:42 PM,,MAX,Y,B,M,34,DE,N,N,110-125.25,Y
20127906,04/17/2019 11:06:00 PM,,MED,N,B,M,49,DE,N,N,130.35,Y
130842,04/17/2019 11:46:00 PM,,MED,Y,B,M,35,DE,N,N,130.50,Y
142490,04/19/2019 10:59:08 AM,,MAX,N,B,M,30,DE,N,Y,110-125.25,Y
20203756,04/20/2019 02:44:00 PM,,MAX,Y,B,M,22,DE,N,Y,110-125.25,Y
20203798,04/22/2019 05:29:54 PM,,MED,N,B,M,47,DE,N,Y,125.27,Y
20145809,04/23/2019 06:43:29 PM,,MAX,Y,B,M,33,DE,N,Y,160.15,Y
20203820,04/23/2019 06:54:29 PM,,MED,Y,B,M,36,DE,N,N,110-125.25,N
20048889,04/25/2019 10:36:00 AM,,MAX,Y,B,M,37,DE,N,Y,125.25,Y
20203866,04/25/2019 03:44:41 PM,,MED,N,A,M,35,DE,N,N,125.25,N
7289,04/25/2019 08:18:41 PM,,MED,Y,B,M,41,DE,N,N,125.25,Y
28389,04/27/2019 09:10:26 PM,,MAX,Y,B,M,51,DE,N,N,120.10,N
20203988,05/01/2019 07:43:00 PM,,MED,Y,W,M,19,DE,N,Y,125.25,Y
20203998,05/02/2019 01:35:22 AM,,MAX,Y,B,M,29,DE,N,Y,125.25,Y
20188025,05/02/2019 12:08:57 PM,,MED,Y,B,F,44,DE,N,N,125.25,Y
20008785,05/02/2019 08:34:32 PM,,MAX,N,B,M,34,DE,N,Y,125.25,Y
20204037,05/03/2019 12:13:42 AM,,MED,N,O,M,62,DE,N,N,130.75,N
20198081,05/03/2019 12:42:21 PM,,MAX,Y,B,M,20,DE,N,Y,125.25,Y
20010059,05/03/2019 11:44:07 PM,,MAX,Y,O,M,31,DE,N,N,125.25,Y
20204093,05/05/2019 02:02:47 AM,,MAX,Y,B,M,25,DNS,N,N,,Y
140153,05/09/2019 01:43:44 AM,,MAX,Y,O,M,31,DE,N,Y,125.25,Y
20184416,05/09/2019 04:46:00 PM,,MAX,N,B,M,27,DE,N,Y,125.27,Y
144314,05/11/2019 01:45:54 AM,,MED,Y,O,M,50,SSR,N,N,,Y
10004117,05/12/2019 04:39:00 PM,,MED,Y,B,M,50,DEP,N,N,110-130.35,Y
20014669,05/14/2019 12:03:00 PM,,MAX,N,B,M,32,DE,N,Y,125.25,Y
20178049,05/15/2019 02:07:14 PM,,MAX,Y,O,M,22,DE,N,Y,125.25,Y
24929,05/15/2019 09:36:01 PM,,MAX,Y,B,M,39,DE,N,N,105.15,Y
20095856,05/18/2019 12:58:20 AM,,MAX,N,W,M,31,DE,N,N,120.05,Y
20077750,05/18/2019 01:02:02 AM,,MED,Y,B,M,33,DE,N,N,140.30,Y
20181375,05/19/2019 12:44:33 PM,,MED,Y,O,M,31,DE,N,N,110-125.26,Y
20107329,05/20/2019 12:19:23 AM,,MAX,Y,B,M,31,DE,N,Y,110-120.10,Y
20204447,05/21/2019 09:14:08 PM,,MED,Y,O,M,58,DE,N,N,125.25,N
20204451,05/22/2019 01:09:15 AM,,MIN,N,O,M,32,DE,N,N,140.30,N
10011304,05/22/2019 06:54:58 PM,,MED,Y,B,M,64,SCO,N,N,130.96,N
20204465,05/23/2019 12:41:01 AM,,MED,N,O,M,32,DE,N,N,110-125.25,Y
20204475,05/23/2019 03:14:14 PM,,MIN,Y,B,M,65,SSR,N,N,,Y
157550,05/23/2019 04:10:13 PM,,MAX,Y,O,M,29,DE,N,Y,160.15,Y
20204506,05/24/2019 04:23:00 PM,,MED,Y,B,F,32,DE,N,N,125.25,Y
20204520,05/25/2019 11:38:30 AM,,MED,Y,O,M,54,SSR,N,N,,Y
16738,05/25/2019 01:55:42 PM,,MAX,Y,B,M,33,DE,N,Y,265.03,Y
20204585,05/28/2019 08:20:17 PM,,MED,Y,O,M,35,DE,N,N,220.43,Y
20204612,05/29/2019 04:43:00 PM,,MED,Y,B,M,30,DE,N,N,125.25,Y
20161733,05/29/2019 08:43:20 PM,,MAX,Y,B,M,39,DE,N,Y,130.53,Y
20198515,05/30/2019 11:56:43 AM,,MED,Y,B,M,41,DE,N,N,125.25,Y
20070656,05/30/2019 03:30:19 PM,,MAX,Y,B,M,35,DE,N,Y,125.25,Y
12222,05/31/2019 12:28:48 AM,,MIN,Y,B,M,60,DE,N,N,110-125.25,N
83369,05/31/2019 01:06:12 AM,,MAX,Y,O,M,35,DEP,N,N,140.30,Y
2000,05/31/2019 12:49:01 PM,,MAX,Y,B,M,34,DE,N,Y,125.25,Y
20204665,05/31/2019 02:01:11 PM,,MIN,Y,B,M,45,DE,N,N,110-125.25,Y
20068292,05/31/2019 08:31:52 PM,,MED,Y,B,M,59,DE,N,N,130.53,Y
161226,06/02/2019 07:51:11 PM,,MED,Y,B,M,34,DE,N,N,125.27,Y
145551,06/02/2019 08:01:48 PM,,MED,N,B,M,42,DE,N,N,110-125.27,Y
20017402,06/03/2019 09:23:41 PM,,MIN,Y,B,M,42,DE,N,N,110-125.25,N
20103843,06/04/2019 12:03:04 AM,,MAX,Y,B,M,32,DE,N,N,130.35,Y
20086843,06/05/2019 01:58:42 AM,,MAX,Y,B,M,26,DE,N,Y,110-130.35,Y
19245,06/08/2019 01:13:51 AM,,MED,Y,B,M,37,DE,N,N,160.15,N
20186916,06/11/2019 02:58:37 PM,,MAX,Y,O,M,28,DE,N,N,140.30,Y
20164373,06/11/2019 04:58:00 PM,,MAX,Y,B,M,24,DE,N,Y,125.25,Y
20204997,06/13/2019 02:50:39 PM,,MAX,Y,B,M,20,DE,N,N,125.25,Y
20205006,06/13/2019 07:00:00 PM,,MED,N,O,M,47,DE,N,N,130.75,N
20205016,06/14/2019 12:38:00 AM,,MAX,Y,W,M,41,DE,N,N,130.35,Y
20205048,06/15/2019 11:02:00 AM,,MAX,Y,B,M,21,DE,N,Y,125.25,Y
20096399,06/15/2019 03:54:30 PM,,MAX,Y,B,M,25,DEP,N,N,130.95,Y
3407,06/15/2019 08:18:00 PM,,MED,Y,B,M,39,DE,N,Y,230.33,Y
20161530,06/18/2019 12:04:28 AM,,MAX,Y,O,M,22,DE,N,Y,105.15,Y
20205109,06/18/2019 01:34:21 AM,,MAX,Y,W,M,26,DE,N,N,125.25,Y
64918,06/18/2019 09:27:27 PM,,MED,N,B,M,37,DE,N,Y,125.25,N
20205165,06/20/2019 07:16:38 PM,,MED,N,O,M,62,DE,N,N,125.25,N
20205217,06/23/2019 12:50:57 AM,,MIN,N,B,M,36,DE,N,N,220.77,Y
20199676,06/23/2019 01:22:57 AM,,MED,Y,W,M,64,DE,N,N,110-125.25,Y
20205227,06/23/2019 12:29:08 PM,,MAX,Y,O,M,20,DE,N,N,125.25,Y
20036616,06/24/2019 01:23:02 PM,,MAX,Y,B,M,40,SSR,N,Y,,Y
20019166,06/24/2019 11:43:01 PM,,MAX,Y,O,M,28,DE,N,Y,125.25,Y
20205260,06/25/2019 10:45:01 AM,,MED,Y,B,M,29,DE,N,N,125.25,Y
20205268,06/25/2019 05:45:25 PM,,MED,Y,O,M,58,DPV,N,N,,N
20205276,06/25/2019 09:45:43 PM,,MED,Y,O,M,32,DE,N,N,130.96,N
20205297,06/26/2019 01:54:25 PM,,MED,N,B,M,25,DE,N,N,125.25,Y
82638,06/26/2019 04:43:40 PM,,MAX,N,O,M,35,DE,N,N,110-125.25,Y
146366,06/28/2019 01:52:59 PM,,MED,Y,O,M,52,DE,N,N,130.80,Y
20164174,06/28/2019 04:01:49 PM,,MAX,Y,B,M,21,SSR,N,Y,,Y
20205351,06/29/2019 12:36:28 AM,,MED,N,O,M,30,DE,N,N,110-125.25,Y
20007374,06/29/2019 12:47:13 AM,,MED,Y,W,M,69,DE,N,N,130.53,Y
20186723,06/29/2019 11:42:12 AM,,MAX,Y,O,M,25,DE,N,Y,125.25,Y
20172487,07/02/2019 04:08:00 PM,,MAX,Y,B,M,26,DE,N,Y,110-125.25,Y
20155733,07/02/2019 07:53:29 PM,,MAX,Y,B,M,24,SSR,N,Y,,Y
20089491,07/02/2019 08:05:21 PM,,MED,Y,O,M,47,DE,N,N,125.20,Y
25646,07/03/2019 12:37:40 AM,,MED,N,B,M,38,DE,N,N,125.25,Y
20095659,07/03/2019 09:27:17 PM,,MAX,N,B,M,28,DE,N,N,125.25,Y
20155727,07/04/2019 12:04:04 AM,,MAX,N,B,M,24,DE,N,Y,125.25,Y
20205457,07/04/2019 01:06:56 PM,,MED,Y,O,M,42,DE,N,N,125.25,Y
20136378,07/04/2019 06:11:49 PM,,MAX,Y,O,M,25,DE,N,N,125.25,Y
20205480,07/05/2019 10:56:00 AM,,MED,Y,O,M,43,DE,N,N,125.25,Y
20201938,07/05/2019 03:25:00 PM,,MAX,Y,B,M,26,DE,N,N,110-125.25,Y
20205493,07/05/2019 11:29:07 PM,,MED,Y,B,M,44,DE,N,N,135.25,Y
20205500,07/06/2019 01:36:52 AM,,MIN,N,W,M,46,DE,N,N,150.15,N
20023305,07/06/2019 08:31:00 PM,,MED,N,B,M,29,DE,N,N,160.15,Y
10010088,07/06/2019 09:34:40 PM,,MAX,Y,B,M,32,DE,N,Y,125.25,Y
20140934,07/08/2019 12:58:12 AM,,MAX,Y,O,M,25,DE,N,N,265.04,Y
20163566,07/08/2019 01:17:06 PM,,MIN,Y,O,M,50,DE,N,N,110-125.25,N
106772,07/08/2019 04:50:23 PM,,MIN,N,B,M,52,DE,N,N,220.21,Y
20081514,07/10/2019 12:03:07 AM,,MAX,N,O,M,27,DE,N,Y,265.09,Y
20205586,07/10/2019 01:27:00 PM,,MAX,Y,B,F,23,DE,N,N,125.20,Y
20205597,07/10/2019 06:13:50 PM,,MAX,Y,B,M,20,DE,N,N,125.25,Y
20022853,07/10/2019 08:16:24 PM,,MAX,N,W,M,34,DE,N,N,265.03,Y
20176270,07/10/2019 10:25:38 PM,,MED,Y,W,M,54,DE,N,N,125.25,Y
20205610,07/11/2019 12:01:00 AM,,MED,Y,B,M,38,DE,N,N,125.25,Y
20198024,07/11/2019 12:39:49 AM,,MAX,Y,B,M,21,DE,N,Y,265.03,Y
20132516,07/11/2019 12:57:28 AM,,MAX,N,B,M,26,DE,N,Y,125.25,Y
20121937,07/12/2019 01:02:56 AM,,MAX,Y,B,M,25,DE,N,N,125.25,Y
102009,07/12/2019 10:27:29 PM,,MED,N,O,M,42,SSR,N,N,110-160.10,Y
20205669,07/13/2019 12:55:05 AM,,MIN,Y,B,M,49,SSR,N,N,,Y
20205680,07/13/2019 10:32:00 PM,,MED,N,O,M,49,DE,N,N,125.25,N
167125,07/15/2019 04:52:00 PM,,MED,Y,B,M,38,DE,N,N,125.25,Y
10006109,07/15/2019 09:04:00 PM,,MAX,Y,B,M,30,DE,N,N,160.15,Y
20124505,07/17/2019 02:08:06 AM,,MAX,Y,O,M,29,SSR,N,N,,Y
20195167,07/17/2019 12:48:00 PM,,MAX,N,B,M,26,DE,N,Y,110-125.25,Y
20148749,07/17/2019 01:14:13 PM,,MAX,N,B,M,25,DE,N,Y,125.25,Y
20014463,07/18/2019 05:30:00 PM,,MAX,Y,B,M,30,DE,N,Y,125.25,Y
20205796,07/18/2019 08:09:38 PM,,MAX,Y,B,M,20,DE,N,Y,110-125.25,Y
44061,07/18/2019 08:40:10 PM,,MAX,Y,B,M,47,SSR,N,N,,Y
20205819,07/19/2019 07:39:50 PM,,MAX,Y,B,M,22,DE,N,Y,125.25,Y
5942,07/20/2019 12:42:42 AM,,MED,Y,O,M,47,DEP,N,N,130.45,N
20449,07/22/2019 03:32:14 PM,,MAX,Y,B,M,34,DE,N,Y,110-125.25,Y
20205958,07/25/2019 04:31:34 PM,,MED,Y,B,M,27,DE,N,N,125.25,Y
20205966,07/25/2019 07:10:58 PM,,MIN,Y,B,M,60,DE,N,N,265.03,Y
20173617,07/26/2019 12:14:04 AM,,MAX,Y,O,M,29,DE,N,Y,125.25,Y
20124049,07/26/2019 07:57:00 PM,,MAX,N,B,M,26,DE,N,Y,125.25,Y
20206000,07/26/2019 09:43:19 PM,,MED,N,B,M,35,DE,N,N,130.96,N
158735,07/26/2019 10:22:49 PM,,MED,Y,O,M,46,DE,N,N,160.15,Y
23214,07/28/2019 01:48:40 AM,,MAX,Y,B,M,34,DE,N,Y,125.25,Y
20107187,07/30/2019 12:10:25 PM,,MAX,N,O,M,28,DE,N,Y,125.25,Y
20206112,07/31/2019 11:37:41 PM,,MED,Y,B,M,22,DE,N,N,125.20,N
20206116,08/01/2019 02:16:06 AM,,MED,Y,B,M,27,DE,N,N,110-130.50,Y
126614,08/01/2019 09:18:37 PM,,MED,N,B,M,40,DE,N,N,125.25,N
96570,08/02/2019 12:18:00 AM,,MAX,Y,B,M,34,DEP,N,Y,125.14,Y
20111443,08/02/2019 01:52:08 AM,,MAX,N,O,M,47,DE,N,N,125.25,Y
20204629,08/03/2019 01:18:34 AM,,MAX,N,W,M,27,DE,N,N,110-125.25,Y
32780,08/03/2019 12:56:51 PM,,MED,Y,B,M,42,DE,N,N,120.10,Y
10001813,08/03/2019 07:43:00 PM,,MAX,Y,B,M,29,DE,N,Y,120.05,Y
20080501,08/04/2019 01:09:51 AM,,MAX,Y,B,M,29,DE,N,Y,130.96,Y
35075,08/04/2019 10:01:34 PM,,MED,N,W,M,51,SSR,N,N,,Y
20206192,08/05/2019 05:08:40 PM,,MED,N,B,M,24,DE,N,N,130.96,N
20171670,08/06/2019 01:28:03 AM,,MAX,Y,O,M,30,DE,N,N,110-125.25,Y
6323,08/06/2019 01:56:33 AM,,MAX,Y,B,M,37,DE,N,N,110-125.25,Y
20206217,08/06/2019 07:13:34 PM,,MED,Y,O,M,66,DE,N,N,140.25,Y
20206251,08/07/2019 10:42:50 PM,,MIN,Y,O,M,67,DE,N,N,110-125.25,N
20157837,08/08/2019 11:11:00 AM,,MAX,Y,B,M,22,DE,N,Y,110-125.25,Y
20197482,08/08/2019 02:51:19 PM,,MAX,Y,B,M,19,DE,N,Y,110-125.25,Y
20174272,08/08/2019 02:56:58 PM,,MAX,N,B,M,22,DE,N,Y,265.03,Y
20190728,08/09/2019 07:05:00 PM,,MAX,N,B,M,24,DE,N,Y,110-125.25,Y
20206293,08/10/2019 12:52:00 AM,,MAX,N,B,M,21,DE,N,Y,125.25,Y
20007946,08/10/2019 12:54:00 AM,,MAX,Y,B,M,38,DE,N,Y,160.15,Y
20206302,08/10/2019 12:53:00 PM,,MED,N,A,M,45,DE,N,N,125.25,N
20206317,08/10/2019 10:49:00 PM,,MAX,Y,B,M,28,DE,N,Y,265.03,Y
20177320,08/11/2019 12:56:47 AM,,MAX,Y,B,M,21,DNS,N,N,,Y
122503,08/11/2019 07:20:50 PM,,MAX,Y,B,M,31,DE,N,Y,125.25,Y
20206339,08/12/2019 07:08:04 PM,,MAX,N,O,M,23,DE,N,N,125.25,Y
20132863,08/12/2019 09:03:59 PM,,MAX,Y,O,M,26,DE,N,Y,125.25,Y
20199944,08/13/2019 01:02:55 AM,,MAX,Y,B,M,26,DE,N,N,120.05,Y
20134408,08/13/2019 11:15:31 PM,,MAX,Y,B,M,24,DE,N,Y,125.25,Y
20206370,08/14/2019 12:59:13 PM,,MED,Y,B,M,28,DE,N,N,265.03,Y
20206387,08/14/2019 04:25:00 PM,,MED,Y,O,F,37,DE,N,N,125.25,Y
20206388,08/14/2019 04:27:00 PM,,MED,N,O,M,30,DE,N,N,125.25,N
98702,08/15/2019 08:11:48 PM,,MED,Y,O,M,37,DE,N,N,125.25,Y
20129129,08/16/2019 04:25:29 PM,,MAX,N,O,M,26,DE,N,Y,125.25,Y
141239,08/16/2019 04:35:05 PM,,MAX,Y,B,M,33,DE,N,Y,110-125.25,Y
20081038,08/16/2019 10:34:59 PM,,MIN,Y,O,M,55,SSR,N,N,,N
20119642,08/18/2019 10:33:00 AM,,MED,Y,B,M,28,DE,N,N,VTL 1192.2,N
20046646,08/18/2019 10:57:00 PM,,MAX,Y,B,M,30,DEP,N,N,110-125.25,Y
34507,08/20/2019 01:27:17 AM,,MIN,Y,O,M,46,DE,N,N,160.15,Y
20206508,08/21/2019 12:47:00 PM,,MED,N,O,M,34,DE,N,N,125.25,N
106251,08/21/2019 03:52:22 PM,,MIN,N,W,M,56,DE,N,N,110-160.15,N
75915,08/21/2019 04:48:03 PM,,MAX,Y,B,M,31,DE,N,Y,110-120.10,Y
39878,08/21/2019 08:21:33 PM,,MAX,N,O,M,30,DNS,N,Y,160.15,Y
20152914,08/22/2019 01:20:43 PM,,MAX,Y,B,M,25,DE,N,Y,110-125.27,Y
20206550,08/22/2019 07:03:36 PM,,MAX,Y,B,M,20,DE,N,Y,125.25,Y
64508,08/23/2019 12:47:31 PM,,MAX,N,B,M,38,DE,N,N,110-125.25,Y
20100403,08/23/2019 03:20:00 PM,,MAX,Y,B,M,40,DE,N,Y,215.15,Y
19756,08/24/2019 11:39:26 AM,,MAX,Y,O,M,34,DE,N,N,160.15,Y
131274,08/24/2019 11:42:30 AM,,MED,Y,O,M,55,SSR,N,N,,N
20045393,08/24/2019 07:53:59 PM,,MIN,N,O,M,48,DE,N,N,220.77,N
20096629,08/25/2019 10:34:09 PM,,MAX,Y,B,M,26,DE,N,Y,220.03,Y
73613,08/27/2019 04:23:00 PM,,MAX,N,B,M,32,DE,N,Y,265.03,Y
20046489,08/27/2019 08:54:03 PM,,MIN,N,B,M,41,DE,N,N,160.15,Y
20206656,08/28/2019 05:35:49 PM,,MED,Y,W,M,49,DE,N,N,125.25,N
20206660,08/28/2019 07:42:00 PM,,MAX,Y,B,M,23,DE,N,N,125.25,Y
82774,08/28/2019 08:47:13 PM,,MED,Y,O,M,37,DE,N,N,135.25,Y
20206700,08/30/2019 09:14:25 PM,,MIN,Y,W,M,53,SSR,N,N,,Y
88106,08/31/2019 09:58:41 PM,,MAX,N,O,M,33,DE,N,N,125.25,Y
20123372,09/01/2019 10:42:03 AM,,MAX,Y,W,M,26,DE,N,Y,125.25,Y
20206740,09/03/2019 01:05:00 PM,,MIN,N,O,M,28,DE,N,N,125.15,Y
119721,09/03/2019 05:05:00 PM,,MED,Y,B,M,43,DE,N,N,125.25,Y
54520,09/04/2019 12:24:28 AM,,MAX,Y,B,M,40,DEP,N,N,125.25,Y
20029802,09/04/2019 01:07:02 AM,,MED,Y,W,M,30,DE,N,Y,110-125.25,Y
20204381,09/05/2019 11:37:09 AM,,MED,Y,O,M,44,DE,N,N,130.65,N
20025720,09/05/2019 08:33:11 PM,,MED,Y,B,M,29,DE,N,N,110-125.25,Y
151448,09/06/2019 06:33:22 PM,,MED,Y,B,M,37,DE,N,N,125.25,Y
20206827,09/06/2019 07:56:11 PM,,MED,Y,A,M,52,DE,N,N,125.27,Y
20008630,09/07/2019 12:51:46 AM,,MAX,N,B,M,31,DE,N,N,220.18,Y
20206848,09/07/2019 07:09:33 PM,,MAX,Y,B,F,27,DE,N,N,110-125.25,Y
28736,09/10/2019 12:04:45 PM,,MAX,Y,O,M,39,DE,N,N,110-160.10,Y
6664,09/11/2019 12:34:54 AM,,MED,N,B,M,39,DE,N,N,125.25,Y
58576,09/12/2019 01:29:33 AM,,MED,N,B,M,40,DE,N,N,130.30,Y
136361,09/12/2019 01:07:29 PM,,MED,Y,B,M,31,DE,N,Y,110-120.10,Y
121263,09/15/2019 12:45:41 AM,,MAX,Y,O,M,31,DE,N,Y,160.15,Y
102520,09/15/2019 02:11:14 AM,,MED,N,O,M,39,DE,N,N,125.25,N
20086781,09/17/2019 10:54:00 AM,,MAX,N,B,M,26,DE,N,N,110-125.25,Y
140367,09/17/2019 01:07:34 PM,,MIN,N,B,M,50,DE,N,N,140.25,N
20195445,09/17/2019 05:31:01 PM,,MED,N,B,M,53,DE,N,N,125.25,Y
20193737,09/18/2019 01:11:44 PM,,MED,Y,B,M,39,DE,N,Y,265.03,Y
20088196,09/19/2019 08:15:51 PM,,MIN,Y,W,M,35,DE,N,N,110-125.25,N
20089083,09/19/2019 10:27:47 PM,,MAX,Y,O,M,26,DE,N,Y,125.25,Y
38369,09/19/2019 11:24:25 PM,,MED,N,B,M,35,DE,N,Y,130.35,Y
20051071,09/20/2019 12:33:39 AM,,MAX,Y,B,M,29,DE,N,Y,120.10,Y
61934,09/21/2019 01:04:35 AM,,MAX,Y,B,M,31,DE,N,N,140.20,Y
20120282,09/21/2019 11:52:00 AM,,MAX,Y,B,M,29,DE,N,N,125.25,Y
20207157,09/21/2019 04:45:23 PM,,MIN,N,O,M,36,DE,N,N,110-125.25,Y
20196809,09/22/2019 01:26:44 AM,,MAX,N,B,M,22,DE,N,Y,160.15,Y
20101744,09/22/2019 03:26:40 PM,,MAX,Y,B,M,28,DEP,N,Y,160.15,Y
20207191,09/23/2019 06:54:00 PM,,MED,Y,O,M,42,DE,N,N,125.25,N
20081962,09/24/2019 11:25:49 AM,,MAX,Y,B,M,27,DE,N,Y,125.25,Y
20132702,09/24/2019 03:32:06 PM,,MAX,Y,O,M,23,DE,N,Y,110-125.25,Y
20182871,09/25/2019 12:20:00 PM,,MAX,Y,B,M,25,DE,N,Y,125.25,Y
20207225,09/25/2019 09:06:27 PM,,MAX,Y,O,M,19,DE,N,Y,125.25,Y
20201730,09/26/2019 12:16:25 AM,,MED,Y,B,M,42,DE,N,N,125.25,N
148447,09/26/2019 07:31:00 PM,,MAX,Y,B,M,31,DE,N,Y,125.25,Y
4082,09/26/2019 07:33:00 PM,,MAX,Y,B,M,33,DE,N,Y,125.25,Y
28000,09/27/2019 01:39:00 AM,,MAX,N,B,M,34,DE,N,Y,265.03,Y
20154705,09/27/2019 01:55:37 AM,,MAX,N,O,M,25,DE,N,N,110-160.15,Y
94825,09/27/2019 01:25:00 PM,,MAX,Y,B,M,32,DE,N,N,110-125.25,Y
20207260,09/27/2019 05:21:44 PM,,MAX,Y,B,M,38,DEP,N,N,140.30,Y
44966,09/27/2019 06:08:33 PM,,MED,N,B,M,40,DE,N,Y,0,Y
20027420,09/29/2019 12:04:00 AM,,MAX,Y,B,M,39,DE,N,Y,160.15,Y
20180185,09/29/2019 02:21:06 AM,,MAX,Y,B,M,25,DE,N,N,110-125.25,Y
20020698,09/29/2019 12:07:37 PM,,MED,Y,B,M,53,DE,N,Y,220.16,Y
20006665,09/29/2019 11:33:37 PM,,MAX,Y,B,M,29,SSR,N,Y,,Y
20192369,09/30/2019 01:40:07 AM,,MAX,Y,O,M,22,DE,N,Y,110-125.25,Y
20178204,10/01/2019 01:00:24 AM,,MED,Y,B,M,53,DE,N,N,110-125.25,Y
20165230,10/01/2019 09:29:29 PM,,MAX,N,B,M,25,DE,N,N,125.25,Y
13793,10/01/2019 09:40:00 PM,,MED,N,B,M,39,DE,N,N,125.25,N
20167642,10/02/2019 01:00:45 PM,,MAX,N,B,M,23,DE,N,Y,160.15,Y
20120576,10/03/2019 01:12:40 PM,,MAX,N,O,M,27,DE,N,N,130.95,Y
112354,10/03/2019 04:58:32 PM,,MAX,Y,B,M,48,DE,N,N,125.20,Y
20207376,10/04/2019 12:41:38 AM,,MED,Y,B,M,26,DE,N,N,125.25,Y
20207384,10/04/2019 01:32:02 PM,,MED,N,A,M,55,DE,N,N,130.95,N
20117966,10/04/2019 09:36:49 PM,,MED,Y,B,M,25,DE,N,N,265.03,Y
44601,10/05/2019 01:31:22 AM,,MAX,N,W,M,44,DE,N,N,130.35,N
10002047,10/05/2019 01:38:53 AM,,MED,Y,B,M,34,DE,N,Y,125.27,Y
20207409,10/06/2019 10:40:45 PM,,MED,N,B,M,31,DE,N,N,125.25,N
20207443,10/08/2019 03:53:16 PM,,MED,Y,O,M,45,DE,N,N,125.25,N
17426,10/08/2019 07:41:22 PM,,MAX,Y,B,M,36,DE,N,Y,125.25,Y
57233,10/08/2019 11:37:58 PM,,MAX,N,B,M,39,DE,N,Y,160.15,Y
20203829,10/09/2019 07:34:12 PM,,MAX,Y,B,M,23,DE,N,Y,110-125.25,Y
20207484,10/09/2019 08:44:21 PM,,MIN,Y,O,M,61,DE,N,N,140.25,Y
20207486,10/09/2019 09:13:15 PM,,MED,Y,O,M,49,DE,N,N,125.25,N
20207532,10/11/2019 02:44:09 PM,,MED,N,O,M,55,DE,N,N,110-125.27,Y
20207533,10/11/2019 02:55:40 PM,,MIN,N,O,M,57,DE,N,N,220.21,N
20207546,10/11/2019 11:38:32 PM,,MIN,N,O,M,53,DE,N,N,110-125.25,Y
20207545,10/11/2019 11:39:00 PM,,MAX,Y,B,M,19,DE,N,N,130.50,Y
89736,10/12/2019 02:34:00 PM,,MED,N,B,M,48,DEP,N,N,125.25,Y
20176291,10/13/2019 01:06:15 AM,,MED,Y,B,M,56,DEP,N,N,155.25,Y
20056582,10/14/2019 12:58:41 AM,,MED,Y,B,M,35,DE,N,N,110-130.35,Y
20207626,10/17/2019 04:36:18 PM,,MED,Y,B,M,66,DE,N,N,125.25,Y
20116419,10/17/2019 04:58:16 PM,,MAX,Y,O,M,25,DE,N,Y,130.75,Y
10013672,10/17/2019 11:34:37 PM,,MAX,Y,B,M,32,DE,N,N,110-125.25,Y
20207643,10/18/2019 01:10:00 AM,,MAX,N,B,M,22,DE,N,N,125.25,Y
72498,10/18/2019 05:23:06 PM,,MED,Y,B,M,42,DE,N,N,120.10,N
20116020,10/20/2019 02:34:01 PM,,MIN,Y,B,M,40,DE,N,N,145.10,N
44205,10/21/2019 04:58:50 PM,,MIN,N,B,M,34,DE,N,N,110-125.25,Y
20103527,10/21/2019 05:05:31 PM,,MAX,N,B,M,27,DE,N,Y,140.30,Y
75638,10/22/2019 01:42:02 PM,,MAX,N,B,M,36,DE,N,Y,125.25,Y
20207713,10/22/2019 03:46:43 PM,,MED,Y,O,M,65,DE,N,N,125.25,N
20105017,10/22/2019 07:28:06 PM,,MED,N,B,M,37,DE,N,N,125.25,Y
20020486,10/22/2019 07:40:27 PM,,MAX,Y,O,M,31,DE,N,N,220.16,Y
137027,10/23/2019 10:42:56 AM,,MAX,Y,B,M,30,DE,N,Y,110-120.10,Y
20170397,10/23/2019 04:15:33 PM,,MAX,Y,O,M,23,DE,N,N,130.35,Y
10009242,10/23/2019 09:31:05 PM,,MAX,N,B,M,30,DE,N,Y,140.30,Y
20187588,10/24/2019 03:58:08 AM,,MAX,N,O,M,23,DE,N,N,125.25,Y
20146716,10/24/2019 08:18:03 PM,,MAX,Y,B,M,24,DE,N,Y,160.15,Y
42877,10/25/2019 12:26:47 AM,,MAX,Y,O,M,48,DE,N,N,125.25,Y
20167721,10/25/2019 01:08:07 PM,,MAX,Y,B,M,22,DE,N,Y,160.10,Y
20207800,10/25/2019 05:15:31 PM,,MED,Y,O,M,28,DE,N,N,125.25,N
20185467,10/25/2019 07:50:45 PM,,MED,Y,W,M,37,DE,N,N,110-125.25,N
20202934,10/26/2019 12:43:00 AM,,MED,Y,B,M,25,SSR,N,N,,N
20159334,10/26/2019 01:08:00 AM,,MAX,Y,B,M,22,DE,N,Y,105.17,Y
73720,10/26/2019 01:17:00 AM,,MED,N,B,M,36,DE,N,N,125.25,Y
20207812,10/26/2019 02:46:00 PM,,MED,N,O,M,26,DE,N,N,125.25,Y
10011367,10/28/2019 08:53:37 PM,,MED,Y,B,M,39,DE,N,N,125.27,Y
20193870,10/29/2019 12:56:49 AM,,MAX,Y,B,M,20,DE,N,Y,110-125.25,Y
10009950,10/29/2019 11:46:33 AM,,MAX,Y,O,M,29,DE,N,N,160.15,Y
20151238,10/29/2019 06:58:44 PM,,MIN,Y,O,M,27,DE,N,N,120.00,N
20161675,11/01/2019 11:52:49 PM,,MAX,Y,W,M,25,DE,N,Y,110-160.15,Y
20086908,11/02/2019 04:23:32 PM,,MAX,Y,O,M,25,DE,N,Y,160.15,Y
20207970,11/04/2019 01:31:01 AM,,MIN,Y,B,M,39,DE,N,N,110-125.25,N
20126527,11/04/2019 12:37:08 PM,,MAX,Y,B,M,24,DE,N,N,160.05,Y
20135762,11/04/2019 04:01:00 PM,,MED,N,W,M,46,DE,N,N,125.25,Y
20175571,11/05/2019 01:31:17 AM,,MED,Y,O,M,27,DE,N,N,215.51,Y
20171700,11/05/2019 10:02:03 PM,,MAX,N,B,M,25,DE,N,Y,125.25,Y
20067053,11/06/2019 07:22:49 PM,,MAX,Y,O,M,26,DE,N,Y,125.27,Y
20208054,11/08/2019 12:30:00 PM,,MED,N,O,M,42,DE,N,N,125.25,N
20057526,11/08/2019 01:37:24 PM,,MED,N,B,M,43,DE,N,Y,110-125.25,Y
136488,11/08/2019 04:32:06 PM,,MAX,Y,B,M,33,DE,N,N,150.15,Y
20070054,11/08/2019 04:50:00 PM,,MAX,N,B,M,38,DEP,N,N,130.35,Y
20128747,11/11/2019 12:05:21 AM,,MED,N,B,M,54,DE,N,N,125.25,Y
20208127,11/12/2019 12:39:00 AM,,MIN,N,B,M,33,DE,N,N,110-125.25,Y
2699,11/12/2019 08:44:23 PM,,MED,N,O,M,55,DE,N,N,140.25,Y
20026585,11/14/2019 12:19:05 PM,,MED,Y,O,M,38,DE,N,N,125.25,Y
161974,11/14/2019 02:33:06 PM,,MED,N,B,M,60,DEP,N,N,215.50,Y
20208166,11/14/2019 03:20:41 PM,,MAX,N,O,M,20,DE,N,Y,125.25,Y
20015620,11/15/2019 12:03:39 AM,,MAX,N,O,M,28,DE,N,N,160.15,Y
12579,11/15/2019 10:25:41 PM,,MIN,Y,O,M,33,DE,N,N,140.30,Y
20056,11/15/2019 11:42:19 PM,,MAX,Y,B,M,33,DE,N,Y,110-125.25,Y
20070683,11/18/2019 12:09:53 AM,,MAX,Y,A,M,42,DE,N,N,120.05,N
20203540,11/18/2019 11:11:24 AM,,MIN,Y,B,M,27,DE,N,N,140.30,N
20101081,11/18/2019 11:58:31 AM,,MED,N,O,M,52,DE,N,N,130.35,N
20200046,11/19/2019 01:26:46 PM,,MED,Y,A,M,55,DE,N,N,125.27,Y
20043545,11/20/2019 05:47:45 PM,,MAX,Y,B,M,31,DE,N,Y,125.25,Y
20208279,11/21/2019 12:52:00 AM,,MAX,N,B,M,25,DE,N,Y,125.25,Y
20205357,11/21/2019 01:47:13 PM,,MED,Y,B,M,36,SSR,N,N,,Y
20018667,11/21/2019 04:27:00 PM,,MAX,Y,B,M,30,DE,N,Y,125.25,Y
45881,11/22/2019 06:41:00 PM,,MAX,Y,B,M,34,DE,N,Y,125.25,Y
20208317,11/22/2019 07:13:43 PM,,MED,N,B,M,50,DE,N,N,125.25,Y
20208331,11/23/2019 11:51:15 AM,,MAX,Y,O,M,27,DE,N,N,110-125.25,Y
20031179,11/26/2019 11:47:00 AM,,MIN,N,W,M,32,DE,N,N,160.05,Y
20197183,11/26/2019 12:40:00 PM,,MAX,Y,B,M,23,DE,N,Y,120.10,Y
20195183,11/26/2019 04:33:44 PM,,MIN,Y,B,M,62,DE,N,N,110-125.25,N
20054414,11/27/2019 12:41:00 AM,,MED,Y,B,M,31,SSR,N,N,,N
114681,11/27/2019 12:25:49 PM,,MIN,Y,O,M,34,DE,N,N,110-125.25,Y
122137,11/27/2019 07:18:55 PM,,MAX,Y,B,M,45,DE,N,Y,125.25,Y
20064003,11/27/2019 10:40:32 PM,,MAX,N,B,M,37,DE,N,N,140.30,Y
20208411,11/28/2019 11:03:38 AM,,MIN,Y,B,M,55,DE,N,N,110-125.25,N
70513,11/29/2019 04:37:48 PM,,MAX,Y,O,M,32,DE,N,N,130.96,Y
22317,11/30/2019 12:53:55 AM,,MIN,Y,O,M,47,DE,N,N,160.15,N
20208440,11/30/2019 10:58:37 AM,,MED,Y,W,M,23,DE,N,N,110-125.25,Y
20076223,12/01/2019 11:24:06 AM,,MAX,Y,B,M,27,DE,N,Y,160.15,Y
20021970,12/03/2019 04:01:00 PM,,MAX,N,B,M,38,DE,N,N,125.25,Y
126242,12/03/2019 04:27:08 PM,,MAX,Y,B,M,33,DE,N,Y,110-125.25,Y
20200028,12/05/2019 12:04:45 AM,,MAX,Y,W,M,20,DE,N,Y,110-125.25,Y
20205862,12/05/2019 08:04:17 PM,,MIN,Y,B,M,51,DE,N,N,110-160.15,N
122944,12/06/2019 02:00:47 AM,,MAX,Y,B,M,38,DE,N,Y,125.25,Y
20208515,12/06/2019 02:34:00 PM,,MIN,N,B,M,66,DE,N,N,110-125.25,N
20126766,12/06/2019 05:32:58 PM,,MED,N,B,M,30,DE,N,N,130.96,Y
79028,12/07/2019 12:31:00 PM,,MAX,N,B,M,44,DE,N,N,125.25,Y
32022,12/10/2019 12:53:00 AM,,MED,Y,B,M,54,DE,N,N,130.50,N
20208565,12/10/2019 12:25:21 PM,,MED,Y,B,M,34,DE,N,N,130.35,N
20065244,12/10/2019 01:05:35 PM,,MED,N,B,M,58,DE,N,N,130.65,Y
20205602,12/10/2019 01:08:01 PM,,MED,Y,O,M,38,DE,N,N,AC 000.00,Y
89535,12/10/2019 05:01:16 PM,,MAX,N,O,M,35,DE,N,N,120.10,Y
33590,12/11/2019 04:10:00 PM,,MED,N,B,M,36,DE,N,Y,265.03,Y
20208585,12/11/2019 05:39:18 PM,,MIN,Y,B,M,30,DNS,N,N,,N
20208597,12/12/2019 05:26:25 AM,,MIN,N,O,M,28,DE,N,N,110-125.25,Y
20208600,12/12/2019 01:30:41 PM,,MAX,N,B,M,26,DE,N,N,160.15,Y
155134,12/12/2019 05:15:47 PM,,MED,Y,B,M,63,DEP,N,N,130.53,N
20045739,12/12/2019 05:21:22 PM,,MAX,N,O,M,59,DNS,N,N,,Y
20201097,12/14/2019 12:32:09 AM,,MIN,N,W,M,56,DE,N,N,110-125.25,N
20208636,12/14/2019 01:04:53 PM,,MED,Y,B,M,46,DE,N,N,130.35,Y
10000480,12/16/2019 12:11:35 PM,,MED,Y,O,M,30,DEP,N,N,120.05,Y
20043402,12/17/2019 03:48:20 PM,,MAX,Y,B,M,28,DE,N,Y,110-125.25,Y
20208663,12/17/2019 07:45:05 PM,,MAX,Y,B,M,19,DE,N,Y,125.25,Y
20019490,12/18/2019 12:43:57 AM,,MAX,N,B,M,31,DE,N,N,140.30,Y
20187619,12/18/2019 01:09:54 PM,,MED,N,B,M,27,DE,N,Y,110-265.03,Y
20171542,12/18/2019 10:34:57 PM,,MAX,Y,W,M,22,DE,N,Y,105.10,Y
20184059,12/19/2019 03:25:00 PM,,MAX,N,O,M,23,DE,N,Y,125.25,Y
20003525,12/19/2019 03:35:00 PM,,MAX,N,B,M,32,DE,N,Y,125.25,Y
10009342,12/19/2019 03:50:00 PM,,MAX,N,B,M,30,DE,N,Y,125.25,Y
20182271,12/19/2019 04:10:00 PM,,MAX,Y,B,M,22,DE,N,Y,125.25,Y
67434,12/20/2019 01:15:25 AM,,MAX,Y,B,M,35,DE,N,Y,110-125.25,Y
20208694,12/20/2019 01:02:08 PM,,MED,Y,O,M,56,DE,N,N,130.96,N
38219,12/22/2019 12:44:27 AM,,MAX,Y,O,M,33,DE,N,N,150.15,Y
20004870,12/22/2019 01:08:58 AM,,MED,Y,B,M,41,DE,N,N,120.05,Y
71719,12/23/2019 01:16:00 AM,,MAX,N,O,M,45,DE,N,N,125.25,Y
20201563,12/23/2019 07:42:52 AM,,MAX,Y,A,M,23,DE,N,Y,125.25,Y
20207315,12/24/2019 12:13:21 PM,,MAX,Y,O,M,23,DE,N,Y,110-125.25,Y
20208698,12/25/2019 12:50:00 AM,,MIN,Y,W,M,51,DE,N,N,110-125.25,N
20196971,12/25/2019 01:26:29 AM,,MED,Y,B,M,47,DE,N,N,125.25,N
144047,12/25/2019 02:01:00 AM,,MAX,Y,O,M,32,DE,N,N,145.05,N
20208732,12/25/2019 04:30:00 PM,,MAX,N,O,M,22,DE,N,Y,265.03,Y
54217,12/26/2019 08:13:44 PM,,MED,Y,O,M,56,DE,N,N,110-120.10,Y
20189045,12/28/2019 10:42:16 PM,,MAX,Y,B,M,27,DE,N,N,160.10,Y
10004650,12/31/2019 05:33:25 PM,,MED,Y,B,M,34,DE,N,Y,125.25,Y
20208774,01/01/2020 12:11:00 PM,,MAX,Y,B,M,22,DE,N,N,125.25,Y
79892,01/01/2020 06:22:31 PM,,MED,Y,B,M,38,DE,N,N,FOA 900.00,Y
24131,01/03/2020 11:47:57 AM,,MAX,Y,B,M,35,DE,N,Y,125.25,Y
20140674,01/03/2020 12:18:18 PM,,MAX,N,B,M,39,DE,N,Y,125.25,Y
20208798,01/03/2020 01:03:09 PM,,MED,Y,A,F,32,DE,N,N,135.20,Y
20145389,01/03/2020 08:25:35 PM,,MAX,Y,B,M,22,DE,N,Y,130.30,Y
20068335,01/04/2020 05:29:01 PM,,MAX,Y,B,M,27,DE,N,Y,265.03,Y
20201764,01/06/2020 04:51:43 PM,,MED,Y,B,M,29,DE,N,N,110-125.25,N
20202392,01/06/2020 05:05:00 PM,,MED,Y,O,M,40,DE,N,N,110-130.35,N
20208864,01/09/2020 12:01:20 AM,,MED,N,W,M,67,DE,N,N,125.25,N
20193914,01/09/2020 06:49:23 PM,,MAX,Y,B,M,23,DE,N,Y,265.09,Y
17874,01/10/2020 01:25:25 AM,,MIN,Y,B,M,50,DE,N,N,215.52,Y
20114230,01/10/2020 01:27:16 AM,,MIN,Y,B,M,44,DE,N,N,110-125.25,N
20199434,01/10/2020 04:17:26 PM,,MAX,N,B,M,20,SSR,N,Y,,Y
20087650,01/10/2020 05:19:07 PM,,MED,N,B,M,58,DEP,N,N,135.20,N
20208897,01/11/2020 12:10:01 AM,,MAX,Y,O,M,23,DE,N,N,125.25,Y
20072768,01/11/2020 01:04:56 AM,,MED,Y,B,M,38,DE,N,Y,130.53,Y
20171166,01/11/2020 12:48:44 PM,,MAX,Y,O,M,23,DE,N,Y,140.30,Y
7166,01/11/2020 03:53:18 PM,,MAX,Y,B,M,34,DE,N,N,120.10,Y
95581,01/12/2020 09:14:59 PM,,MED,Y,B,M,39,DE,N,Y,110-120.10,Y
10008620,01/13/2020 02:02:22 AM,,MIN,N,B,M,48,DE,N,N,110-125.25,N
20086213,01/14/2020 05:49:37 AM,,MED,Y,B,M,50,DE,N,N,110-125.25,Y
20208963,01/16/2020 02:28:11 AM,,MED,Y,O,M,24,DE,N,N,130.75,N
18875,01/16/2020 02:59:18 AM,,MED,N,B,M,36,DE,N,N,125.25,N
20208965,01/16/2020 11:15:36 AM,,MIN,Y,O,M,48,DE,N,N,110-125.25,N
10004161,01/16/2020 12:34:00 PM,,MIN,Y,A,M,48,DE,N,N,110-125.25,Y
20068272,01/16/2020 11:51:00 PM,,MAX,N,B,M,34,DE,N,Y,125.25,Y
20193366,01/17/2020 10:45:01 PM,,MAX,Y,B,M,21,DE,N,Y,125.25,Y
20209003,01/19/2020 12:56:42 AM,,MAX,Y,A,M,23,DE,N,Y,110-125.25,Y
20193717,01/20/2020 03:48:51 PM,,MED,N,B,M,33,DE,N,N,140.25,Y
20095258,01/21/2020 04:05:00 PM,,MAX,Y,B,M,27,DE,N,Y,120.07,Y
20113194,01/23/2020 01:03:30 AM,,MED,N,W,M,34,DE,N,N,140.25,Y
81247,01/23/2020 11:33:00 AM,,MIN,Y,B,M,38,DE,N,N,110-125.25,N
20209051,01/23/2020 02:22:00 PM,,MED,Y,B,M,44,DE,N,N,125.25,Y
20179886,01/24/2020 02:09:13 AM,,MAX,N,B,M,22,DE,N,Y,125.25,Y
20095232,01/24/2020 12:03:12 PM,,MED,N,B,M,25,DE,N,Y,265.03,Y
168100,01/24/2020 12:11:43 PM,,MED,N,O,M,31,DE,N,N,135.25,Y
20035557,01/24/2020 04:37:07 PM,,MAX,Y,B,M,49,DE,N,N,160.10,Y
20207687,01/25/2020 12:21:33 AM,,MAX,Y,W,M,29,DE,N,Y,125.25,Y
41648,01/25/2020 12:35:14 AM,,MIN,N,W,M,56,DE,N,N,160.15,Y
20183151,01/25/2020 12:59:52 AM,,MAX,Y,B,M,31,DE,N,N,120.10,Y
20074495,01/25/2020 01:33:40 AM,,MED,N,B,M,55,DE,N,N,125.25,N
75747,01/25/2020 12:51:00 PM,,MED,Y,B,F,50,DE,N,N,125.25,N
20003917,01/27/2020 12:31:54 PM,,MAX,N,B,M,28,DE,N,N,121.12,Y
20209104,01/27/2020 03:46:55 PM,,MED,Y,B,F,47,DE,N,N,125.25,N
20168167,01/28/2020 12:34:41 AM,,MED,N,W,M,27,DE,N,N,160.15,Y
20197423,01/28/2020 04:03:39 PM,,MAX,Y,O,M,24,DE,N,N,220.16,Y
20052154,01/29/2020 07:52:06 PM,,MAX,Y,B,M,37,SSR,N,N,,Y
20208975,01/29/2020 08:25:33 PM,,MAX,Y,B,M,20,DE,N,N,125.25,Y
19124,01/29/2020 11:59:00 PM,,MAX,N,B,M,34,DE,N,N,125.25,Y
134332,01/30/2020 12:30:08 PM,,MED,N,B,M,34,DE,N,N,135.20,N
166099,01/30/2020 11:56:00 PM,,MED,N,B,M,29,DE,N,Y,130.45,Y
20082342,01/31/2020 01:23:08 AM,,MIN,Y,W,M,49,DE,N,N,120.05,Y
20209157,01/31/2020 01:30:00 PM,,MED,Y,B,M,27,DE,N,N,125.25,N
103178,01/31/2020 04:35:00 PM,,MED,Y,B,M,38,DE,N,N,130.95,N
40276,01/31/2020 05:56:31 PM,,MED,Y,O,M,45,DE,N,N,110-120.10,Y
20036060,01/31/2020 09:39:58 PM,,MED,Y,B,M,29,DE,N,N,125.25,Y
20209165,02/01/2020 01:15:52 AM,,MED,Y,A,M,26,DE,N,N,125.25,N
20207705,02/02/2020 01:29:58 PM,,MAX,Y,B,M,19,DE,N,Y,120.07,Y
20087140,02/02/2020 09:13:14 PM,,MAX,Y,B,M,35,DE,N,N,110-125.25,Y
159522,02/03/2020 12:28:39 AM,,MAX,Y,O,M,52,DE,N,N,110-125.25,N
20170824,02/03/2020 02:05:00 AM,,MIN,Y,B,M,22,DE,N,N,140.25,Y
20040671,02/04/2020 07:41:15 PM,,MED,Y,W,M,53,DNS,N,N,,Y
20204162,02/05/2020 10:52:15 AM,,MAX,Y,B,M,21,DE,N,Y,120.08,Y
20205471,02/05/2020 02:09:45 PM,,MED,Y,A,M,27,DE,N,N,125.25,N
20207462,02/05/2020 05:21:51 PM,,MED,Y,O,M,41,SSR,N,N,,Y
20209222,02/06/2020 12:29:19 AM,,MED,Y,O,M,67,DEP,N,N,110-125.25,Y
20209228,02/06/2020 12:53:19 PM,,MAX,N,B,M,25,DE,N,Y,125.25,Y
20001110,02/06/2020 06:16:32 PM,,MAX,N,O,M,29,DE,N,Y,110-125.25,Y
20200027,02/07/2020 03:32:46 PM,,MED,N,O,M,63,DE,N,N,130.35,N
11859,02/07/2020 06:37:03 PM,,MAX,N,B,M,35,DE,N,Y,160.15,Y
20209255,02/07/2020 07:34:00 PM,,MAX,N,B,M,26,DE,N,Y,160.15,Y
20209271,02/09/2020 01:30:56 AM,,MED,Y,W,M,31,DE,N,N,125.25,Y
20134820,02/09/2020 03:55:43 AM,,MAX,Y,B,M,27,DE,N,N,110-125.25,Y
20209281,02/10/2020 12:52:00 AM,,MIN,Y,B,M,48,DE,N,N,110-125.25,N
20209286,02/10/2020 01:25:00 PM,,MED,Y,B,M,33,DE,N,N,130.95,Y
20118237,02/10/2020 02:53:22 PM,,MAX,Y,O,M,25,DE,N,N,125.25,Y
20200161,02/10/2020 04:33:51 PM,,MED,Y,B,M,47,DEP,N,N,110-125.27,Y
20025,02/10/2020 11:38:00 PM,,MED,Y,B,M,33,DE,N,N,130.65,Y
16674,02/12/2020 08:53:10 PM,,MAX,Y,B,M,35,DE,N,N,160.05,Y
20209310,02/13/2020 12:05:10 AM,,MIN,Y,O,M,28,DE,N,N,265.13,Y
119708,02/13/2020 12:07:18 AM,,MED,N,O,M,32,DE,N,Y,265.13,Y
96015,02/13/2020 12:08:50 AM,,MAX,N,O,M,33,DE,N,N,265.03,Y
20209330,02/14/2020 03:06:46 PM,,MIN,Y,W,M,32,DE,N,N,120.05,N
20209331,02/14/2020 03:53:41 PM,,MAX,Y,O,M,26,DE,N,N,125.25,Y
20157142,02/14/2020 11:17:00 PM,,MAX,N,B,M,23,DE,N,Y,140.30,Y
20209345,02/15/2020 01:11:47 AM,,MIN,Y,O,M,59,DE,N,N,110-125.25,Y
20209349,02/15/2020 04:56:18 PM,,MED,Y,O,M,36,DE,N,N,130.96,Y
20191962,02/15/2020 07:50:45 PM,,MAX,N,B,M,23,DE,N,Y,140.25,Y
20209352,02/16/2020 12:46:58 AM,,MED,Y,A,M,38,DE,N,N,125.25,N
20018522,02/16/2020 01:19:14 PM,,MED,Y,B,M,29,DE,N,N,110-160.15,Y
87666,02/17/2020 01:01:50 AM,,MIN,Y,B,M,55,DE,N,N,110-125.25,N
62858,02/18/2020 01:24:26 AM,,MAX,Y,B,M,29,DE,N,N,125.25,Y
20194591,02/19/2020 01:53:53 AM,,MAX,Y,O,M,20,DE,N,Y,125.25,Y
20020658,02/19/2020 07:06:47 PM,,MAX,Y,B,M,29,DE,N,Y,105.15,Y
20209388,02/19/2020 10:37:35 PM,,MAX,Y,B,M,20,DE,N,N,125.25,Y
20209395,02/20/2020 01:33:10 AM,,MED,Y,B,M,28,DE,N,N,130.35,N
20123896,02/20/2020 01:04:35 PM,,MED,Y,W,M,35,DE,N,N,125.25,Y
20209401,02/20/2020 01:10:21 PM,,MED,Y,B,M,30,DE,N,N,110-120.10,Y
20095238,02/20/2020 11:45:51 PM,,MAX,Y,O,M,29,DE,N,N,120.10,Y
20209418,02/21/2020 05:03:00 PM,,MAX,Y,B,M,24,DE,N,N,125.25,Y
20209423,02/21/2020 11:45:00 PM,,MAX,Y,B,M,22,DE,N,Y,125.25,Y
10009820,02/21/2020 11:46:00 PM,,MAX,N,B,M,31,DE,N,Y,125.25,Y
20209426,02/22/2020 01:19:00 AM,,MIN,N,O,M,38,DE,N,N,220.77,Y
20209429,02/22/2020 04:56:00 PM,,MAX,Y,B,F,21,DE,N,Y,125.25,Y
20179801,02/23/2020 12:53:51 PM,,MAX,N,O,M,29,DE,N,N,160.15,Y
20076375,02/23/2020 08:11:46 PM,,MAX,N,B,M,36,DE,N,Y,110-125.25,Y
132814,02/24/2020 01:27:47 AM,,MIN,Y,B,M,59,DE,N,N,140.25,N
20090470,02/24/2020 04:00:18 PM,,MAX,Y,B,M,27,DE,N,Y,135.20,Y
147674,02/24/2020 04:13:03 PM,,MED,Y,O,M,44,DE,N,N,110-160.15,Y
20209450,02/25/2020 12:57:21 AM,,MED,Y,W,M,32,DE,N,N,130.75,Y
42113,02/25/2020 04:06:17 PM,,MED,Y,B,M,36,DE,N,N,130.95,Y
20124894,02/25/2020 08:55:26 PM,,MAX,N,B,M,24,DE,N,N,110-125.25,Y
20209461,02/25/2020 08:57:21 PM,,MED,Y,W,M,55,DE,N,N,125.25,N
20194421,02/26/2020 04:50:00 PM,,MAX,Y,B,M,23,DE,N,N,140.30,Y
20207991,02/27/2020 01:26:08 AM,,MED,Y,W,M,44,DE,N,N,110-120.10,Y
13769,02/27/2020 08:17:33 PM,,MED,N,B,M,52,DE,N,N,110-125.25,Y
20209496,02/28/2020 12:56:12 AM,,MAX,N,O,M,25,DE,N,N,160.15,Y
20209497,02/28/2020 01:19:50 AM,,MED,N,O,M,51,DE,N,N,130.65,N
20209502,02/28/2020 01:11:05 PM,,MAX,Y,B,M,25,DE,N,N,105.15,Y
20086889,03/02/2020 12:47:34 AM,,MAX,Y,B,M,28,DE,N,Y,160.15,Y
148854,03/02/2020 12:41:11 PM,,MIN,Y,O,M,30,DE,N,N,110-125.25,Y
20209528,03/03/2020 11:10:48 AM,,MIN,Y,O,M,28,DE,N,N,110-125.25,N
164563,03/03/2020 02:16:00 PM,,MIN,Y,O,M,43,DE,N,N,110-125.25,N
20035284,03/03/2020 04:53:49 PM,,MAX,Y,O,M,31,DE,N,Y,125.25,Y
20031992,03/03/2020 07:57:17 PM,,MAX,N,B,M,33,DE,N,N,230.34,Y
20206321,03/04/2020 11:33:08 AM,,MIN,Y,B,M,27,DE,N,N,110-120.10,N
125164,03/04/2020 12:59:21 PM,,MED,Y,O,M,59,DE,N,N,160.15,Y
20209558,03/04/2020 09:47:39 PM,,MAX,Y,B,M,21,DE,N,Y,110-125.25,Y
20180697,03/05/2020 01:11:12 PM,,MAX,Y,O,M,20,DE,N,Y,160.15,Y
20017558,03/06/2020 12:26:18 AM,,MAX,Y,B,M,31,DE,N,Y,110-125.25,Y
20209587,03/06/2020 06:22:58 PM,,MED,Y,O,M,27,DE,N,N,160.15,Y
20002302,03/06/2020 09:15:41 PM,,MED,N,O,M,30,DE,N,N,120.10,Y
153184,03/07/2020 06:32:48 PM,,MIN,N,B,M,54,DE,N,N,220.21,N
20108191,03/08/2020 08:19:41 AM,,MED,Y,O,M,27,DE,N,N,130.96,Y
20209608,03/08/2020 04:38:53 PM,,MAX,N,B,M,28,DE,N,N,125.25,Y
20034611,03/08/2020 07:45:06 PM,,MIN,N,O,M,27,DE,N,N,220.41,Y
20209618,03/09/2020 05:07:44 PM,,MAX,N,B,M,29,DE,N,N,125.25,Y
65205,03/09/2020 09:12:11 PM,,MAX,Y,B,M,43,DE,N,N,125.25,Y
20209622,03/09/2020 11:55:41 PM,,MAX,N,O,M,24,DE,N,N,130.35,Y
20117871,03/10/2020 01:01:00 AM,,MAX,Y,B,M,26,DE,N,Y,160.15,Y
20209624,03/10/2020 01:08:35 AM,,MIN,Y,O,M,32,DE,N,N,110-125.25,N
20209649,03/11/2020 12:07:08 PM,,MED,N,B,M,29,DE,N,N,125.25,Y
15477,03/11/2020 12:08:20 PM,,MIN,N,B,M,50,DE,N,N,120.10,N
20208810,03/11/2020 04:25:00 PM,,MED,Y,O,M,46,DE,N,N,125.25,N
20204717,03/11/2020 08:13:52 PM,,MAX,N,O,M,21,DE,N,N,125.25,Y
20170186,03/12/2020 11:28:28 AM,,MAX,Y,B,M,32,DPV,N,N,,N
20209670,03/12/2020 04:05:00 PM,,MED,N,B,M,65,DE,N,N,125.25,N
24556,03/12/2020 05:10:52 PM,,MIN,Y,B,M,50,DEP,N,N,CO,Y
20192356,03/13/2020 12:43:15 PM,,MAX,Y,O,M,55,DE,N,N,215.52,Y
20209675,03/13/2020 01:31:20 PM,,MAX,Y,B,M,28,DE,N,Y,110-125.25,Y
20066001,03/13/2020 04:17:44 PM,,MED,N,B,M,30,DE,N,N,130.95,Y
20019267,03/14/2020 12:29:26 PM,,MAX,Y,B,M,29,DE,N,Y,120.10,Y
20102432,03/15/2020 01:27:06 AM,,MAX,Y,B,M,25,DE,N,Y,110-125.25,Y
20209706,03/17/2020 07:22:30 AM,,MIN,Y,W,M,33,DNS,N,N,,N
77953,03/18/2020 08:35:11 PM,,MED,Y,B,M,56,DE,N,N,125.25,Y
12262,03/18/2020 11:18:22 PM,,MAX,Y,B,M,34,DE,N,Y,110-120.10,Y
20137988,03/19/2020 01:33:56 AM,,MED,Y,W,F,28,DE,N,N,125.25,Y
32944,03/20/2020 12:03:17 PM,,MED,Y,B,M,43,DE,N,N,125.25,N
20188942,03/20/2020 04:15:47 PM,,MED,Y,B,M,25,DE,N,Y,110-120.10,Y
20013219,03/22/2020 05:22:07 PM,,MAX,N,O,M,32,DE,N,Y,110-125.25,Y
20207677,03/22/2020 09:20:45 PM,,MED,N,O,M,26,DE,N,N,130.95,Y
10015891,03/23/2020 01:23:35 PM,,MIN,N,B,M,51,DE,N,N,110-120.10,Y
102672,03/24/2020 05:29:00 PM,,MED,N,B,M,43,DE,N,N,125.25,N
78475,03/25/2020 01:38:45 PM,,MED,Y,W,M,32,DE,N,N,130.35,N
10855,03/25/2020 02:44:04 PM,,MED,Y,B,M,41,DE,N,N,110-130.35,Y
20032355,03/25/2020 05:01:52 PM,,MED,Y,O,M,34,DE,N,N,120.05,Y
20087750,03/25/2020 05:40:53 PM,,MIN,Y,B,M,42,DE,N,N,220.39,Y
20097832,03/26/2020 04:20:58 PM,,MAX,Y,O,M,26,DE,N,N,120.11,Y
20209762,03/27/2020 06:28:39 PM,,MED,Y,O,M,36,DE,N,N,125.25,Y
20209763,03/27/2020 08:01:08 PM,,MIN,Y,O,M,37,DE,N,N,110-160.15,Y
20196918,03/28/2020 12:50:58 AM,,MAX,Y,B,M,21,SSR,N,N,,Y
20149616,03/28/2020 03:41:43 AM,,MED,Y,O,M,36,DE,N,N,130.50,Y
2158,03/29/2020 05:23:35 PM,,MAX,Y,O,M,42,DE,N,Y,125.25,Y
20209773,03/29/2020 07:18:00 PM,,MAX,Y,B,M,22,DE,N,Y,110-125.25,Y
20170654,03/31/2020 04:36:32 PM,,MAX,Y,W,M,27,DE,N,Y,110-125.25,Y
114323,04/01/2020 04:28:46 PM,,MED,N,B,M,43,DE,N,N,120.10,Y
20118256,04/01/2020 06:06:06 PM,,MAX,N,B,M,24,DE,N,Y,110-125.25,Y
20073991,04/02/2020 12:55:56 AM,,MAX,N,O,M,28,DE,N,Y,110-125.25,Y
20103676,04/03/2020 01:15:00 AM,,MAX,Y,B,M,22,DE,N,Y,130.35,Y
20209781,04/03/2020 01:27:56 PM,,MED,N,O,M,34,DE,N,N,130.75,N
20209788,04/05/2020 12:50:14 PM,,MIN,Y,O,M,69,DE,N,N,110-125.25,Y
20101802,04/05/2020 02:11:00 PM,,MAX,Y,B,M,25,DE,N,Y,125.25,Y
20185884,04/06/2020 12:34:36 PM,,MAX,Y,B,M,29,DE,N,N,120.05,Y
20209795,04/07/2020 02:17:02 AM,,MIN,Y,W,M,58,DE,N,N,110-120.10,N
20209797,04/07/2020 03:56:04 AM,,MED,Y,B,M,27,DE,N,N,125.25,Y
20014590,04/08/2020 01:52:53 AM,,MAX,Y,B,M,31,DE,N,N,160.10,Y
126045,04/11/2020 03:35:45 PM,,MED,N,B,M,32,DE,N,N,125.25,Y
20104934,04/14/2020 10:38:17 PM,,MIN,N,W,M,54,DE,N,N,110-125.25,Y
89928,04/15/2020 12:23:56 AM,,MAX,Y,O,M,43,DE,N,N,110-125.25,Y
20154447,04/15/2020 03:05:42 AM,,MED,Y,B,M,26,DE,N,N,125.25,Y
20131788,04/15/2020 11:29:12 PM,,MED,N,B,M,33,DE,N,N,125.25,N
20159244,04/16/2020 06:14:36 PM,,MIN,Y,O,M,28,DE,N,N,110-125.25,Y
20085963,04/17/2020 09:27:50 PM,,MED,Y,W,M,64,DE,N,N,125.25,N
9936,04/18/2020 12:54:13 PM,,MED,Y,O,M,47,DE,N,N,160.10,Y
52412,04/18/2020 02:58:05 PM,,MED,Y,W,M,43,DE,N,N,160.10,Y
20202179,04/18/2020 05:20:10 PM,,MAX,Y,B,M,27,DE,N,N,120.05,Y
20209848,04/20/2020 03:53:19 PM,,MED,Y,O,M,35,DE,N,N,125.25,N
48496,04/21/2020 01:57:42 AM,,MIN,Y,O,M,59,DE,N,N,110-125.25,N
20120490,04/22/2020 11:13:11 AM,,MED,N,O,M,29,DE,N,N,125.25,Y
20184794,04/23/2020 01:24:46 AM,,MAX,Y,A,M,25,DE,N,N,125.25,Y
20110100,04/23/2020 12:55:20 PM,,MAX,Y,O,M,28,DE,N,N,CO,Y
20143953,04/24/2020 03:08:25 PM,,MAX,Y,B,M,23,DE,N,N,125.25,Y
154583,04/28/2020 03:46:36 AM,,MED,Y,B,M,58,DEP,N,N,130.50,Y
109390,04/28/2020 04:08:46 AM,,MIN,Y,O,M,59,DNS,N,N,140.20,N
20034975,04/28/2020 02:58:54 PM,,MAX,Y,O,M,39,SSR,N,N,,Y
20194127,04/29/2020 02:58:55 PM,,MAX,N,B,M,24,DE,N,Y,160.10,Y
20114099,04/29/2020 07:49:01 PM,,MAX,Y,O,M,29,DE,N,Y,220.03,Y
20209905,04/29/2020 08:13:20 PM,,MED,Y,O,M,49,DE,N,N,130.35,Y
19050,04/29/2020 09:35:05 PM,,MAX,N,B,M,39,DE,N,Y,110-125.25,Y
20209907,04/29/2020 10:46:06 PM,,MIN,Y,W,F,29,DE,N,N,120.05,N
20184536,04/29/2020 11:28:57 PM,,MAX,Y,B,M,24,DE,N,Y,160.15,Y
130123,04/30/2020 01:47:58 PM,,MED,Y,O,M,39,DE,N,N,CO,N
20209917,04/30/2020 05:00:00 PM,,MED,Y,O,M,33,DE,N,N,130.75,N
20036075,04/30/2020 06:42:56 PM,,MAX,Y,B,M,34,DEP,N,N,125.27,Y
20207034,05/01/2020 11:08:15 AM,,MED,Y,O,M,24,DE,N,Y,110-120.10,Y
20200270,05/01/2020 01:05:15 PM,,MED,Y,B,M,20,DE,N,Y,220.41,Y
20165039,05/01/2020 04:58:07 PM,,MAX,N,B,M,22,DE,N,Y,160.15,Y
20061011,05/01/2020 05:29:25 PM,,MAX,N,O,M,29,DE,N,N,125.25,Y
20209931,05/01/2020 07:40:37 PM,,MAX,N,O,M,21,DE,N,N,140.30,Y
20209932,05/01/2020 11:33:16 PM,,MAX,Y,O,M,24,DE,N,Y,160.15,Y
20209933,05/02/2020 12:01:03 AM,,MED,Y,A,M,28,DE,N,N,125.25,N
11024,05/03/2020 12:29:00 AM,,MED,Y,B,M,39,SSR,N,N,,N
20003406,05/03/2020 01:43:20 AM,,MAX,Y,B,M,30,DE,N,Y,160.15,Y
20146286,05/05/2020 01:13:06 PM,,MAX,Y,B,F,27,DE,N,N,160.10,Y
20209955,05/05/2020 03:52:35 PM,,MAX,Y,B,M,19,DE,N,N,125.25,Y
20002840,05/05/2020 04:54:30 PM,,MAX,N,B,M,41,DE,N,Y,110-125.25,Y
20182069,05/06/2020 07:02:37 PM,,MAX,N,O,M,22,DE,N,Y,120.05,Y
20209971,05/07/2020 11:27:26 AM,,MED,Y,W,M,39,DE,N,N,130.96,N
20080375,05/07/2020 06:11:05 PM,,MED,Y,B,M,48,DE,N,N,125.25,N
20203436,05/08/2020 01:11:35 PM,,MIN,N,B,M,59,DE,N,N,230.34,N
20198040,05/08/2020 05:48:32 PM,,MED,Y,O,M,38,DE,N,N,120.10,Y
55741,05/08/2020 11:10:34 PM,,MIN,Y,O,M,48,DE,N,N,110-120.10,Y
20209989,05/09/2020 02:09:37 PM,,MED,N,W,M,37,DE,N,N,130.75,N
10001155,05/09/2020 03:06:23 PM,,MAX,Y,B,M,47,DE,N,N,110-125.25,Y
36390,05/11/2020 03:08:50 PM,,MAX,Y,O,M,41,DE,N,N,160.15,Y
20208644,05/11/2020 05:23:00 PM,,MED,Y,W,M,52,DE,N,N,140.30,Y
20125626,05/12/2020 12:51:37 PM,,MED,Y,B,M,35,DE,N,N,CO,Y
20210008,05/12/2020 08:46:48 PM,,MED,Y,W,M,58,DE,N,N,125.25,Y
20210009,05/12/2020 09:29:14 PM,,MED,N,O,M,42,DE,N,N,130.75,N
82436,05/13/2020 12:38:07 AM,,MIN,Y,B,M,59,SSR,N,N,,N
20180618,05/13/2020 01:47:07 AM,,MED,Y,W,M,37,DE,N,N,130.75,Y
20210015,05/13/2020 01:17:21 PM,,MED,N,O,M,38,DE,N,N,130.30,Y
20083017,05/13/2020 01:41:55 PM,,MIN,Y,O,M,65,DE,N,N,CO,N
20186434,05/13/2020 05:03:00 PM,,MAX,N,B,M,27,DE,N,N,110-125.25,Y
128387,05/13/2020 05:09:28 PM,,MED,Y,O,M,46,DEP,N,N,125.27,Y
20198366,05/14/2020 02:20:47 AM,,MED,Y,A,F,31,DE,N,N,110-120.10,N
170934,05/14/2020 11:47:26 AM,,MIN,N,B,M,48,DE,N,N,160.15,N
161803,05/14/2020 04:53:33 PM,,MED,N,B,M,34,DE,N,Y,265.03,N
20127790,05/14/2020 08:16:00 PM,,MAX,Y,B,M,24,DE,N,Y,265.03,Y
20210037,05/15/2020 02:00:16 AM,,MAX,N,O,M,23,DE,N,N,140.30,Y
73339,05/15/2020 11:52:06 AM,,MIN,Y,B,M,56,DE,N,N,120.10,N
20210050,05/16/2020 12:46:24 AM,,MIN,Y,A,M,57,DE,N,N,110-125.25,N
77511,05/16/2020 11:48:37 AM,,MIN,N,B,M,55,DE,N,N,110-140.25,N
20171337,05/16/2020 03:48:29 PM,,MAX,N,B,M,27,DEP,N,Y,125.25,Y
10000648,05/16/2020 08:52:04 PM,,MAX,Y,O,M,30,DE,N,Y,220.21,Y
20193450,05/17/2020 01:06:22 AM,,MAX,Y,B,M,26,DE,N,N,120.05,Y
20138938,05/17/2020 12:26:30 PM,,MAX,Y,B,M,24,DNS,N,N,160.15,Y
20164271,05/18/2020 01:49:38 AM,,MAX,Y,B,M,54,DE,N,N,220.39,Y
20128603,05/18/2020 12:20:31 PM,,MAX,N,O,M,24,DE,N,Y,265.03,Y
20124884,05/18/2020 01:09:54 PM,,MED,N,B,M,26,DE,N,N,110-125.25,N
16265,05/19/2020 01:22:08 PM,,MAX,N,B,M,33,DE,N,Y,110-125.25,Y
20124895,05/19/2020 01:36:50 PM,,MIN,Y,O,M,72,DE,N,N,110-125.25,N
167522,05/20/2020 10:41:47 AM,,MIN,Y,B,M,56,DE,N,N,110-140.20,N
48869,05/20/2020 03:09:56 PM,,MIN,Y,B,M,60,DE,N,N,110-125.25,N
34826,05/21/2020 12:37:05 AM,,MAX,Y,O,M,45,DEP,N,N,130.50,Y
20198977,05/21/2020 10:10:39 AM,,MIN,Y,W,M,51,DE,N,N,110-125.25,Y
20210090,05/21/2020 12:51:04 PM,,MED,N,B,M,41,DE,N,N,125.25,Y
20210093,05/21/2020 03:19:32 PM,,MED,Y,A,M,49,DE,N,N,125.25,N
20210099,05/21/2020 05:28:52 PM,,MAX,Y,B,M,21,DE,N,N,125.25,Y
149197,05/21/2020 09:31:22 PM,,MAX,Y,B,M,43,DE,N,N,120.10,Y
8028,05/21/2020 10:12:14 PM,,MAX,N,B,M,34,DE,N,Y,230.34,Y
20210102,05/22/2020 12:26:48 AM,,MAX,Y,B,M,21,DE,N,Y,110-125.25,Y
20189309,05/22/2020 12:39:33 PM,,MAX,Y,O,F,41,DE,N,N,140.25,Y
20019386,05/22/2020 01:20:03 PM,,MED,Y,B,M,37,DE,N,N,220.16,Y
122265,05/23/2020 01:34:38 PM,,MED,Y,B,F,30,DE,N,N,110-125.25,Y
20153141,05/23/2020 04:21:25 PM,,MED,N,B,M,46,DE,N,Y,110-125.25,Y
20210126,05/24/2020 05:19:26 PM,,MED,N,B,M,22,DE,N,Y,110-125.25,Y
76490,05/25/2020 02:31:07 AM,,MAX,N,B,M,43,DE,N,N,125.25,Y
20048545,05/25/2020 04:35:13 PM,,MED,N,B,M,36,DE,N,Y,110-125.25,N
17445,05/25/2020 04:53:53 PM,,MAX,Y,B,M,36,DE,N,Y,110-125.25,Y
20210132,05/25/2020 05:31:17 PM,,MIN,Y,O,M,52,SSR,N,N,,Y
20210137,05/26/2020 11:23:06 AM,,MAX,Y,B,M,30,DE,N,N,125.25,Y
20210150,05/27/2020 11:43:00 PM,,MAX,N,B,M,30,DE,N,Y,125.25,Y
20210153,05/28/2020 01:06:24 AM,,MED,Y,O,M,34,DE,N,N,130.65,N
20050006,05/28/2020 04:58:25 PM,,MED,N,B,M,61,DE,N,N,130.96,N
20164166,05/28/2020 06:32:01 PM,,MAX,Y,B,F,41,DE,N,N,125.15,Y
20060417,05/28/2020 07:30:50 PM,,MED,Y,B,M,40,DE,N,N,125.25,Y
20210161,05/28/2020 09:29:39 PM,,MIN,N,O,M,30,DE,N,N,,N
20210176,05/29/2020 09:15:10 PM,,MED,Y,O,M,20,DE,N,N,125.25,Y
34180,05/31/2020 12:52:19 AM,,MAX,Y,O,M,37,DE,N,N,120.10,Y
20210188,05/31/2020 01:24:00 AM,,MAX,Y,B,M,21,DE,N,Y,125.25,Y
20181097,05/31/2020 12:50:31 PM,,MAX,Y,W,M,21,DE,N,Y,110-120.07,Y
20208576,06/02/2020 12:56:42 AM,,MAX,Y,B,M,19,DE,N,Y,110-125.25,Y
20208621,06/04/2020 01:03:05 PM,,MED,Y,O,M,47,DE,N,N,110-125.25,Y
20210233,06/05/2020 02:33:12 AM,,MIN,Y,W,M,48,DE,N,N,150.15,N
143937,06/05/2020 02:42:13 AM,,MED,Y,B,M,53,DEP,N,N,140.30,Y
20210238,06/05/2020 05:17:54 PM,,MED,N,B,M,55,DE,N,Y,160.10,N
20187276,06/06/2020 12:25:44 AM,,MAX,Y,B,M,20,DE,N,Y,160.15,Y
20210246,06/07/2020 01:07:09 AM,,MED,N,W,M,33,DE,N,N,130.35,N
85276,06/07/2020 04:18:51 PM,,MAX,Y,O,M,45,DE,N,N,125.25,Y
143791,06/07/2020 04:21:56 PM,,MAX,N,O,M,41,DE,N,N,125.25,Y
20203618,06/08/2020 12:58:52 PM,,MED,Y,W,M,32,DE,N,N,125.27,N
20101202,06/09/2020 07:23:30 PM,,MIN,Y,B,M,28,DNS,N,Y,,Y
159689,06/10/2020 11:50:11 AM,,MAX,Y,O,M,36,SSR,N,N,,Y
20210269,06/10/2020 11:52:05 AM,,MED,N,A,M,58,DE,N,N,130.96,N
58661,06/10/2020 11:32:19 PM,,MIN,Y,B,M,55,DE,N,N,265.03,Y
48280,06/10/2020 11:39:07 PM,,MAX,N,B,M,40,DE,N,N,160.15,Y
20136319,06/11/2020 11:15:25 AM,,MED,Y,O,M,48,DE,N,N,130.96,N
20206539,06/11/2020 04:28:47 PM,,MAX,Y,O,M,19,DE,N,Y,160.15,Y
37810,06/11/2020 11:52:41 PM,,MAX,Y,B,M,34,DE,N,Y,265.03,Y
20210281,06/12/2020 12:42:27 AM,,MAX,Y,B,M,23,DE,N,N,125.25,Y
20033736,06/12/2020 12:46:36 AM,,MAX,N,B,M,30,DE,N,Y,110-125.25,Y
20119614,06/12/2020 12:43:28 PM,,MAX,N,B,M,25,DE,N,Y,160.10,Y
79839,06/13/2020 12:26:24 AM,,MED,Y,B,M,34,DE,N,N,125.25,Y
20003023,06/13/2020 12:25:27 PM,,MED,N,O,M,42,DEP,N,N,110-120.10,N
119738,06/13/2020 12:34:50 PM,,MED,Y,B,M,31,DE,N,Y,265.03,Y
80299,06/14/2020 12:45:13 AM,,MIN,Y,O,M,48,DE,N,N,215.51,Y
95418,06/15/2020 10:53:20 AM,,MED,Y,W,M,36,DE,N,N,CO,N
3272,06/15/2020 06:27:47 PM,,MAX,N,B,M,44,DE,N,Y,125.25,Y
20210311,06/16/2020 02:42:13 PM,,MED,N,O,M,30,DE,N,N,110-130.35,Y
156677,06/16/2020 07:33:00 PM,,MAX,Y,B,M,33,DE,N,N,120.05,Y
20011425,06/17/2020 12:36:00 AM,,MED,N,B,M,51,DE,N,N,125.25,N
65094,06/17/2020 04:42:02 PM,,MAX,Y,B,M,32,DE,N,N,120.05,Y
23677,06/17/2020 11:33:29 PM,,MED,Y,B,M,56,DE,N,N,140.20,Y
20027922,06/18/2020 06:18:13 PM,,MED,N,B,M,43,DE,N,Y,205.30,N
20138689,06/19/2020 12:37:15 AM,,MAX,Y,B,M,24,DE,N,Y,140.25,Y
20099750,06/19/2020 12:51:50 AM,,MAX,Y,W,M,31,DE,N,N,160.15,Y
20210321,06/19/2020 01:21:07 AM,,MAX,Y,B,M,30,DE,N,Y,110-125.25,Y
74063,06/19/2020 01:36:05 AM,,MIN,Y,B,M,49,DE,N,N,110-120.10,N
20210324,06/19/2020 01:16:21 PM,,MED,Y,B,M,33,DE,N,N,110-130.35,N
31120,06/19/2020 05:17:59 PM,,MAX,Y,B,M,36,DE,N,N,125.25,Y
20132992,06/19/2020 11:21:40 PM,,MED,Y,O,M,35,DE,N,N,120.05,Y
20210327,06/20/2020 01:58:54 PM,,MED,Y,W,M,22,DE,N,N,125.26,Y
20210331,06/20/2020 08:21:00 PM,,MAX,Y,B,M,23,DE,N,N,125.25,Y
20094730,06/21/2020 02:35:48 PM,,MED,N,B,M,26,DE,N,Y,110-160.15,Y
20204933,06/21/2020 08:06:13 PM,,MAX,N,B,M,22,DE,N,N,135.20,Y
20108935,06/23/2020 04:28:42 PM,,MAX,Y,W,M,27,DE,N,Y,110-120.07,Y
20167830,06/24/2020 12:41:55 AM,,MAX,N,A,M,22,DE,N,Y,160.10,Y
20082009,06/25/2020 01:13:04 PM,,MAX,Y,O,M,29,DE,N,Y,125.25,Y
20052616,06/25/2020 05:14:54 PM,,MED,Y,O,M,29,DNS,N,N,,Y
20210373,06/26/2020 01:05:00 AM,,MED,Y,B,M,32,DE,N,N,135.50,Y
129878,06/26/2020 02:28:23 AM,,MED,N,O,M,33,DE,N,N,130.75,Y
20125290,06/26/2020 08:12:55 PM,,MED,N,B,M,41,DE,N,N,110-120.10,N
20142441,06/27/2020 01:53:29 PM,,MAX,Y,B,M,31,DE,N,N,160.15,Y
20075202,06/28/2020 01:00:17 AM,,MED,Y,B,M,29,DE,N,N,125.25,N
20210387,06/28/2020 01:34:05 AM,,MIN,Y,W,M,29,SSR,N,N,,Y
20210390,06/29/2020 01:39:42 AM,,MED,Y,B,M,26,DE,N,Y,160.10,Y
149847,06/29/2020 12:56:50 PM,,MIN,Y,B,M,48,DE,N,N,AC 000.00,N
20124088,06/30/2020 01:17:08 PM,,MIN,Y,O,M,25,DE,N,N,120.05,N
154004,06/30/2020 05:11:57 PM,,MAX,Y,B,M,43,DE,N,N,110-125.25,Y
20210398,06/30/2020 05:14:50 PM,,MED,N,B,M,54,SSR,N,N,,N
20208973,07/02/2020 01:31:46 AM,,MED,Y,W,M,39,DE,N,N,125.25,Y
33829,07/02/2020 04:53:46 PM,,MIN,N,B,M,67,SSR,N,N,215.50,Y
20050151,07/02/2020 07:36:56 PM,,MAX,N,O,M,35,DE,N,N,220.21,Y
57132,07/03/2020 10:39:57 AM,,MED,Y,B,M,53,DE,N,N,140.25,Y
20172870,07/03/2020 04:43:32 PM,,MED,Y,O,M,30,DE,N,N,125.25,Y
151620,07/04/2020 12:52:50 AM,,MED,Y,O,M,36,DEP,N,N,110-120.10,Y
20210439,07/04/2020 12:14:53 PM,,MAX,N,B,M,46,DE,N,N,110-125.25,Y
20210440,07/04/2020 12:37:41 PM,,MAX,Y,B,M,22,DE,N,N,110-125.25,Y
20065353,07/06/2020 10:16:00 AM,,MAX,Y,B,M,31,DE,N,N,AC 000.00,N
20136750,07/06/2020 09:02:07 PM,,MAX,Y,B,M,24,DE,N,Y,125.25,Y
20088579,07/07/2020 01:12:29 AM,,MED,N,O,M,50,DE,N,N,155.25,Y
20165032,07/07/2020 06:54:29 PM,,MED,N,B,M,64,DE,N,Y,160.15,N
20167325,07/07/2020 11:54:51 PM,,MIN,N,O,M,43,DE,N,N,120.10,N
129277,07/09/2020 12:55:13 PM,,MAX,Y,B,M,31,DE,N,Y,135.25,Y
20186833,07/09/2020 12:58:53 PM,,MAX,Y,B,M,25,DE,N,N,130.35,Y
20155017,07/09/2020 11:53:34 PM,,MAX,Y,B,M,23,DE,N,N,125.25,Y
15627,07/10/2020 11:51:02 AM,,MED,Y,B,M,35,DE,N,N,140.25,Y
20203671,07/10/2020 12:11:55 PM,,MIN,N,O,M,56,DE,N,N,220.21,Y
20210475,07/10/2020 03:58:54 PM,,MIN,N,O,M,43,DE,N,N,220.43,N
20210481,07/10/2020 09:07:24 PM,,MED,N,B,M,45,DE,N,N,125.25,N
20197579,07/12/2020 12:51:21 AM,,MAX,Y,B,M,29,DE,N,N,160.15,Y
20017157,07/12/2020 02:36:15 PM,,MAX,Y,O,M,29,DE,N,Y,220.39,Y
20198546,07/13/2020 04:59:07 PM,,MAX,Y,O,M,22,DE,N,N,160.15,Y
20010660,07/13/2020 05:13:20 PM,,MAX,Y,B,M,29,DE,N,N,160.15,N
85412,07/13/2020 08:40:58 PM,,MAX,Y,O,M,46,DE,N,N,110-125.25,Y
20130848,07/13/2020 09:35:52 PM,,MED,N,O,M,73,DEP,N,N,265.03,Y
23087,07/13/2020 11:45:55 PM,,MED,Y,W,M,40,DE,N,N,160.15,Y
1115,07/14/2020 12:30:41 PM,,MED,N,B,M,48,DE,N,N,125.27,Y
20005585,07/14/2020 08:41:14 PM,,MAX,N,O,M,28,DE,N,N,220.21,Y
20199873,07/14/2020 10:16:30 PM,,MIN,Y,B,M,48,DE,N,N,110-125.25,N
20210518,07/15/2020 12:41:11 AM,,MED,N,W,M,33,SSR,N,N,130.75,N
67739,07/15/2020 01:28:48 AM,,MAX,Y,O,M,43,DE,N,N,160.15,Y
20205404,07/15/2020 02:30:40 AM,,MAX,N,I,M,19,DE,N,N,125.25,Y
17467,07/15/2020 05:05:45 PM,,MAX,Y,B,M,34,DE,N,N,160.10,Y
20150406,07/16/2020 12:19:05 PM,,MAX,N,O,M,25,SSR,N,Y,,Y
120073,07/17/2020 11:24:57 AM,,MED,Y,A,M,37,DE,N,N,220.41,Y
20162973,07/17/2020 12:01:44 PM,,MAX,Y,B,M,22,DE,N,Y,125.25,Y
20012017,07/17/2020 07:36:44 PM,,MAX,Y,B,M,34,DE,N,Y,160.15,Y
20075574,07/17/2020 11:47:51 PM,,MED,N,B,M,26,DE,N,N,125.25,Y
20210553,07/18/2020 12:47:27 AM,,MED,Y,B,M,22,DE,N,N,125.25,N
20210555,07/18/2020 01:38:52 AM,,MAX,Y,B,M,22,DE,N,Y,125.25,Y
20210558,07/18/2020 02:43:59 AM,,MAX,Y,W,F,19,DE,N,N,125.25,Y
20001724,07/18/2020 01:31:21 PM,,MIN,Y,O,M,38,DE,N,N,120.05,Y
20103752,07/18/2020 02:02:11 PM,,MAX,Y,O,M,44,DE,N,N,120.10,Y
20170913,07/18/2020 03:04:00 PM,,MAX,N,B,M,24,DE,N,N,265.03,Y
20210563,07/18/2020 05:04:21 PM,,MAX,Y,B,M,21,DE,N,Y,110-125.25,Y
20055416,07/19/2020 05:05:00 PM,,MED,Y,B,M,28,DE,N,Y,265.03,Y
89969,07/19/2020 06:10:40 PM,,MED,N,O,M,44,DEP,N,N,140.25,N
20209909,07/19/2020 11:20:00 PM,,MAX,Y,B,M,19,DE,N,N,220.16,Y
20176807,07/20/2020 04:26:43 PM,,MAX,N,B,M,25,DEP,N,Y,160.10,Y
20204617,07/21/2020 03:46:18 PM,,MAX,Y,B,M,19,DE,N,Y,110-125.25,Y
164385,07/21/2020 04:18:46 PM,,MED,Y,B,M,34,DE,N,N,265.13,N
20210582,07/21/2020 04:59:00 PM,,MIN,N,B,F,37,DE,N,N,265.13,Y
20004328,07/21/2020 05:11:33 PM,,MED,Y,B,M,58,DE,N,N,265.03,Y
20201917,07/21/2020 05:53:27 PM,,MIN,N,B,M,38,DE,N,N,110-125.25,Y
20210585,07/21/2020 10:39:56 PM,,MED,Y,O,M,43,DE,N,N,160.10,Y
20159405,07/22/2020 12:08:49 PM,,MED,Y,B,M,30,DE,N,N,110-125.25,Y
469,07/22/2020 12:56:07 PM,,MAX,Y,B,M,36,DE,N,Y,160.15,Y
27577,07/22/2020 03:00:31 PM,,MED,Y,B,M,35,DE,N,N,125.25,Y
160131,07/22/2020 04:15:36 PM,,MED,N,O,M,32,DE,N,N,125.25,N
20048002,07/23/2020 12:17:36 AM,,MED,N,W,M,27,SSR,N,Y,,Y
20039526,07/23/2020 01:34:25 AM,,MED,N,A,M,30,DE,N,N,125.25,N
20152907,07/23/2020 01:38:15 AM,,MED,N,W,M,59,DE,N,N,125.25,N
20190310,07/23/2020 11:25:27 PM,,MAX,Y,B,M,28,DE,N,N,125.25,Y
20048535,07/24/2020 01:32:28 AM,,MAX,Y,B,M,30,DE,N,Y,125.25,Y
20210620,07/24/2020 03:44:00 PM,,MED,N,O,M,53,DE,N,N,130.35,N
158831,07/25/2020 01:12:55 AM,,MIN,Y,B,M,82,DE,N,N,110-125.25,N
20210626,07/25/2020 01:13:30 PM,,MAX,N,B,M,25,DE,N,Y,125.25,Y
20207612,07/27/2020 01:05:45 PM,,MIN,Y,O,M,32,DE,N,N,160.15,Y
20204393,07/28/2020 12:04:22 AM,,MED,Y,W,M,24,DE,N,N,130.96,N
20160295,07/28/2020 12:21:38 AM,,MED,Y,B,M,24,DE,N,N,125.25,Y
20210640,07/28/2020 12:56:06 AM,,MED,Y,W,M,28,DE,N,N,125.25,Y
20165723,07/28/2020 12:58:48 AM,,MAX,Y,O,M,33,DE,N,Y,230.34,Y
20085397,07/28/2020 01:38:18 AM,,MAX,Y,B,M,29,DE,N,N,110-130.50,Y
20071388,07/28/2020 05:03:08 AM,,MIN,N,O,M,47,DE,N,N,220.21,N
20102491,07/28/2020 12:53:23 PM,,MAX,Y,B,M,28,DE,N,Y,120.10,Y
20210643,07/28/2020 05:07:03 PM,,MED,Y,O,M,33,DE,N,N,110-130.35,Y
20207004,07/28/2020 05:25:01 PM,,MED,Y,B,M,26,DE,N,N,125.27,N
20203818,07/29/2020 12:43:25 AM,,MAX,Y,B,M,20,DE,N,N,130.50,Y
20179992,07/29/2020 03:41:57 PM,,MAX,N,B,M,23,DE,N,Y,110-120.10,Y
49331,07/29/2020 08:55:35 PM,,MED,N,B,M,42,DE,N,Y,125.25,Y
20210662,07/30/2020 01:50:24 AM,,MAX,N,B,M,19,DE,N,Y,105.15,Y
20209354,07/30/2020 03:01:46 AM,,MAX,N,W,M,20,DE,N,Y,265.03,Y
20075228,07/30/2020 04:57:05 PM,,MAX,Y,B,M,28,DE,N,N,110-125.25,Y
15931,07/30/2020 08:53:00 PM,,MED,Y,B,M,55,SSR,N,N,,N
20210678,07/31/2020 02:28:19 PM,,MAX,N,B,M,21,DE,N,Y,125.25,Y
20210679,07/31/2020 04:11:47 PM,,MED,N,B,M,28,DE,N,N,130.96,Y
20210692,08/01/2020 09:02:22 PM,,MED,N,O,M,34,DE,N,N,130.75,N
20017293,08/02/2020 03:27:21 PM,,MED,N,O,M,42,DE,N,N,130.35,N
49434,08/02/2020 05:11:35 PM,,MAX,Y,O,M,34,DE,N,N,125.25,Y
4385,08/03/2020 12:15:02 AM,,MAX,Y,B,M,36,DE,N,N,160.15,Y
135104,08/03/2020 01:37:57 AM,,MED,N,B,M,39,DE,N,N,110-125.25,Y
20210706,08/03/2020 06:57:14 PM,,MIN,Y,O,M,58,DE,N,N,110-125.25,N
20210710,08/03/2020 11:40:18 PM,,MAX,Y,B,M,29,DE,N,Y,110-120.10,Y
20210714,08/04/2020 05:54:34 AM,,MAX,Y,O,M,28,SSR,N,N,120.05,Y
155036,08/04/2020 08:26:36 AM,,MED,N,U,M,62,DE,N,N,140.30,Y
20141666,08/05/2020 12:06:13 AM,,MAX,Y,B,M,27,DE,N,N,125.25,Y
20166380,08/05/2020 12:33:36 AM,,MED,Y,B,M,35,DE,N,N,140.30,Y
20031653,08/05/2020 05:25:35 PM,,MAX,Y,O,M,29,DE,N,N,120.07,Y
20008484,08/05/2020 08:38:29 PM,,MAX,Y,B,M,38,DNS,N,Y,,Y
20009439,08/05/2020 11:14:28 PM,,MIN,Y,B,M,69,DE,N,N,220.21,N
20210727,08/06/2020 01:39:00 AM,,MIN,N,W,M,54,DNS,N,N,,Y
20078374,08/06/2020 11:25:00 PM,,MAX,N,B,M,25,DE,N,Y,125.25,Y
20210743,08/07/2020 03:00:59 PM,,MAX,Y,B,M,22,DE,N,Y,125.25,Y
20161115,08/07/2020 05:43:10 PM,,MAX,N,B,M,23,DE,N,Y,125.25,Y
20178316,08/07/2020 11:56:30 PM,,MED,Y,B,M,21,SSR,N,Y,,Y
20204373,08/08/2020 01:47:12 AM,,MAX,Y,O,M,20,DE,N,Y,160.10,Y
20192296,08/08/2020 08:44:12 PM,,MAX,Y,B,M,21,DE,N,Y,125.25,Y
20170014,08/09/2020 01:43:53 AM,,MAX,Y,W,M,23,DE,N,N,125.25,Y
20018918,08/10/2020 12:57:56 AM,,MAX,N,B,F,41,DE,N,N,125.25,Y
20207498,08/10/2020 01:09:52 AM,,MED,N,B,M,24,DE,N,Y,265.03,Y
41669,08/10/2020 02:05:47 PM,,MED,Y,O,M,39,SSR,N,N,,Y
125474,08/12/2020 10:24:42 AM,,MAX,Y,O,M,30,DE,N,N,120.10,Y
20024643,08/12/2020 01:48:11 PM,,MED,Y,O,M,41,DE,N,N,150.15,N
20210783,08/12/2020 08:17:00 PM,,MED,Y,B,M,50,DE,N,N,125.25,N
20210790,08/13/2020 12:44:32 AM,,MIN,Y,B,M,40,DE,N,N,220.16,N
20201600,08/13/2020 02:05:36 PM,,MAX,Y,O,M,21,DE,N,Y,125.25,Y
20166362,08/13/2020 05:03:43 PM,,MIN,Y,B,M,40,DE,N,N,,N
20015934,08/13/2020 05:18:00 PM,,MED,Y,A,M,37,DE,N,N,130.50,Y
20210799,08/13/2020 06:59:18 PM,,MED,N,B,M,58,DE,N,N,490.25,N
20208832,08/13/2020 07:21:58 PM,,MED,Y,B,M,34,DE,N,Y,110-125.25,N
20141632,08/14/2020 01:56:13 AM,,MAX,Y,O,M,23,DE,N,Y,110-125.25,Y
20177660,08/14/2020 12:51:17 PM,,MAX,Y,O,M,20,DE,N,Y,125.25,Y
20210807,08/14/2020 02:41:19 PM,,MAX,Y,O,M,23,DE,N,N,125.25,Y
20167394,08/14/2020 05:42:21 PM,,MAX,N,B,M,22,DEP,N,Y,125.25,Y
20131992,08/14/2020 06:05:59 PM,,MAX,Y,B,F,26,DE,N,N,160.15,Y
20209257,08/14/2020 08:55:37 PM,,MAX,Y,W,M,21,DE,N,Y,265.03,Y
20193526,08/14/2020 11:54:35 PM,,MED,Y,B,M,35,DE,N,N,110-130.35,N
126956,08/15/2020 12:22:45 AM,,MIN,N,B,M,41,DE,N,N,110-125.25,N
20201038,08/15/2020 08:47:04 PM,,MAX,N,O,M,20,DE,N,Y,125.25,Y
20206148,08/16/2020 11:17:50 AM,,MAX,Y,B,M,20,DE,N,Y,160.15,Y
20190907,08/16/2020 10:30:01 PM,,MAX,N,B,M,20,DE,N,Y,265.03,Y
40949,08/16/2020 11:48:40 PM,,MAX,N,O,M,35,DE,N,Y,110-125.25,Y
29281,08/17/2020 12:54:38 AM,,MAX,Y,O,M,39,DE,N,N,160.15,Y
20040294,08/17/2020 12:44:23 PM,,MAX,Y,B,M,27,DE,N,Y,140.30,Y
20053048,08/17/2020 12:59:19 PM,,MED,Y,B,M,59,DE,N,N,140.30,N
20200931,08/17/2020 08:16:00 PM,,MED,Y,B,M,35,DE,N,N,130.35,Y
20210847,08/18/2020 02:21:10 AM,,MED,Y,O,M,23,DE,N,N,125.27,Y
20210864,08/19/2020 04:01:11 PM,,MED,N,B,M,24,DE,N,N,125.25,N
20210868,08/19/2020 05:30:45 PM,,MED,Y,B,M,26,DE,N,N,110-125.25,N
20128201,08/19/2020 08:04:00 PM,,MAX,Y,B,M,25,DE,N,Y,125.25,Y
20019148,08/19/2020 10:21:05 PM,,MAX,Y,O,M,26,DE,N,Y,265.03,Y
6561,08/20/2020 12:47:00 AM,,MAX,N,W,M,38,DE,N,N,120.05,Y
8359,08/20/2020 01:02:06 AM,,MAX,Y,O,M,52,DE,N,N,160.15,Y
20210874,08/20/2020 02:23:58 AM,,MED,Y,O,M,26,DE,N,N,125.25,N
152571,08/20/2020 02:26:37 PM,,MIN,Y,B,M,56,DE,N,N,160.10,N
16587,08/20/2020 05:27:32 PM,,MAX,N,B,M,44,DE,N,N,160.10,Y
20210880,08/20/2020 08:43:40 PM,,MAX,N,B,M,35,DE,N,N,120.05,Y
20210882,08/20/2020 11:55:17 PM,,MED,Y,O,M,69,DE,N,N,125.25,N
20196883,08/21/2020 01:35:44 AM,,MAX,Y,B,M,28,DE,N,N,120.10,Y
20066742,08/21/2020 05:56:51 PM,,MED,Y,B,M,27,DE,N,Y,125.25,Y
10003148,08/21/2020 07:47:06 PM,,MAX,N,B,M,33,DE,N,N,110-125.25,Y
17274,08/21/2020 09:25:25 PM,,MAX,Y,B,M,42,DE,N,Y,160.15,Y
20206399,08/22/2020 05:47:16 PM,,MED,Y,B,M,21,DE,N,N,265.03,Y
10004137,08/22/2020 08:43:06 PM,,MIN,N,W,M,40,DE,N,N,140.20,Y
20094171,08/22/2020 10:14:37 PM,,MAX,Y,B,M,25,DE,N,N,150.15,Y
20199374,08/23/2020 12:42:39 AM,,MAX,N,W,M,21,DE,N,N,220.39,Y
20181676,08/24/2020 04:30:00 PM,,MED,Y,A,M,27,DE,N,N,120.05,Y
20101554,08/24/2020 11:33:20 PM,,MAX,Y,O,M,47,DE,N,N,140.25,Y
140968,08/25/2020 11:27:42 AM,,MAX,Y,O,M,30,DE,N,N,125.25,Y
11173,08/25/2020 02:22:01 PM,,MED,N,B,M,46,DE,N,N,160.05,Y
20179147,08/26/2020 03:45:43 PM,,MIN,N,O,M,50,SSR,N,N,,N
108428,08/27/2020 02:56:53 AM,,MAX,Y,B,M,37,DE,N,N,120.07,N
20082890,08/27/2020 01:15:37 PM,,MED,Y,B,M,28,DE,N,N,110-160.15,Y
20205776,08/28/2020 10:48:42 AM,,MAX,N,B,M,19,DE,N,Y,160.15,Y
142742,08/28/2020 12:48:00 PM,,MAX,Y,O,M,31,DE,N,Y,125.25,Y
20214960,08/28/2020 05:09:12 PM,,MAX,Y,B,M,23,DE,N,N,120.05,Y
145967,08/28/2020 05:15:00 PM,,MED,Y,B,M,33,SSR,N,Y,,Y
133930,08/28/2020 06:39:23 PM,,MED,Y,B,M,61,DE,N,N,160.15,Y
26323,08/28/2020 08:13:34 PM,,MIN,N,B,M,54,DE,N,N,160.10,Y
20200419,08/29/2020 12:53:29 AM,,MIN,N,B,M,25,DE,N,N,110-125.25,N
20074367,08/29/2020 01:06:26 AM,,MIN,N,W,M,43,SSR,N,N,,N
5976,08/29/2020 01:32:32 AM,,MED,Y,B,M,39,DE,N,N,120.10,Y
123711,08/29/2020 06:56:44 PM,,MED,Y,B,M,40,DE,N,N,125.25,Y
20203434,08/30/2020 12:43:09 AM,,MAX,Y,B,M,20,DE,N,Y,220.39,Y
28558,08/30/2020 02:13:48 PM,,MED,Y,B,M,47,DE,N,N,265.03,Y
51696,08/30/2020 02:39:34 PM,,MAX,N,B,M,46,DE,N,N,110-160.10,Y
62793,08/30/2020 10:53:00 PM,,MED,N,B,M,39,DE,N,Y,110-125.25,Y
20041835,08/31/2020 12:36:13 AM,,MAX,N,O,M,32,DE,N,N,110-130.35,Y
20164666,08/31/2020 10:06:28 PM,,MAX,Y,O,M,22,DE,N,N,160.15,Y
20210997,09/01/2020 01:35:00 AM,,MED,Y,O,M,36,DE,N,N,130.65,N
88077,09/01/2020 11:42:28 AM,,MED,N,B,M,36,DE,N,N,CO,Y
20161410,09/02/2020 01:37:00 PM,,MAX,Y,O,M,49,DE,N,N,125.25,Y
20098065,09/02/2020 07:42:54 PM,,MAX,Y,W,M,40,DE,N,N,125.25,Y
20041449,09/02/2020 11:32:59 PM,,MED,N,B,M,30,DEP,N,N,265.03,N
20065012,09/03/2020 02:43:15 AM,,MAX,Y,O,M,30,DEP,N,N,160.15,Y
20166886,09/03/2020 01:05:00 PM,,MAX,N,O,M,24,DE,N,Y,110-125.25,Y
20198514,09/03/2020 01:08:56 PM,,MAX,Y,O,M,23,DE,N,Y,110-125.25,Y
20209161,09/03/2020 02:49:47 PM,,MED,Y,B,M,24,DE,N,N,CO,Y
20211034,09/03/2020 04:38:31 PM,,MIN,Y,B,M,35,DE,N,N,125.14,N
20129817,09/03/2020 07:20:00 PM,,MIN,Y,O,M,48,DNS,N,N,,N
20082807,09/03/2020 08:58:02 PM,,MIN,Y,W,M,45,DNS,N,N,,N
20148586,09/04/2020 01:55:00 AM,,MAX,Y,W,M,25,DE,N,N,140.30,Y
20211043,09/04/2020 03:40:58 AM,,MED,Y,O,M,35,DE,N,N,160.10,Y
20022893,09/04/2020 02:45:38 PM,,MIN,N,O,M,54,DE,N,N,140.25,N
43580,09/04/2020 04:36:07 PM,,MAX,Y,B,M,38,DE,N,Y,215.52,Y
20038132,09/04/2020 05:30:00 PM,,MAX,Y,B,M,28,DE,N,N,110-125.25,Y
10000689,09/05/2020 01:56:00 AM,,MED,N,B,M,41,DE,N,N,125.25,N
45805,09/05/2020 12:26:04 PM,,MED,N,B,M,45,DE,N,N,160.15,N
20018809,09/05/2020 05:09:00 PM,,MAX,Y,O,M,28,DE,N,N,120.10,Y
133313,09/06/2020 12:46:42 AM,,MAX,Y,O,M,32,DE,N,N,215.51,Y
20211077,09/06/2020 12:58:07 AM,,MIN,Y,O,M,29,DE,N,N,150.20,Y
20211085,09/06/2020 01:27:35 PM,,MED,N,B,M,19,DE,N,Y,265.03,Y
20203630,09/06/2020 04:18:00 PM,,MIN,N,A,M,25,DE,N,N,265.03,N
20209269,09/06/2020 11:01:47 PM,,MED,Y,B,M,21,DE,N,Y,220.39,Y
115592,09/07/2020 01:15:41 AM,,MED,N,B,M,42,DE,N,Y,110-120.10,Y
20005702,09/07/2020 03:38:00 PM,,MIN,Y,A,M,30,DE,N,N,120.05,N
20137265,09/07/2020 08:42:57 PM,,MAX,Y,W,M,26,DE,N,N,110-125.25,Y
20055476,09/07/2020 09:12:00 PM,,MAX,Y,B,M,27,DEP,N,Y,265.03,Y
20077972,09/08/2020 12:55:31 AM,,MED,N,B,M,30,DE,N,N,265.03,Y
20211114,09/08/2020 01:16:00 AM,,MED,N,W,M,40,DE,N,N,130.35,N
27678,09/08/2020 05:14:12 PM,,MAX,Y,B,M,65,DE,N,N,110-160.15,Y
161908,09/09/2020 12:57:06 AM,,MED,N,B,M,52,DE,N,N,125.25,N
20059812,09/09/2020 11:08:37 AM,,MED,Y,B,M,32,DE,N,N,140.25,N
112584,09/09/2020 01:43:55 PM,,MIN,N,B,M,42,DE,N,N,160.15,Y
20210303,09/10/2020 02:21:42 AM,,MED,Y,W,M,46,DE,N,N,AC 000.00,Y
20018271,09/10/2020 12:57:02 PM,,MAX,Y,O,M,28,DE,N,N,160.15,Y
20142203,09/10/2020 06:36:15 PM,,MAX,N,W,M,25,DE,N,N,125.25,Y
20211185,09/11/2020 01:55:35 AM,,MED,Y,O,M,47,DE,N,N,125.27,Y
71111,09/11/2020 11:08:13 AM,,MIN,N,O,M,52,DE,N,N,140.25,Y
20211191,09/11/2020 03:41:51 PM,,MAX,N,B,M,23,DE,N,N,135.25,Y
20211192,09/11/2020 05:21:00 PM,,MED,N,B,M,27,DE,N,N,125.25,Y
20211193,09/11/2020 06:07:52 PM,,MAX,Y,B,M,19,DE,N,Y,110-125.25,Y
20120190,09/11/2020 09:25:31 PM,,MAX,Y,O,M,26,DE,N,Y,160.15,Y
20199821,09/12/2020 02:20:58 AM,,MAX,N,B,M,22,DE,N,Y,110-125.25,Y
20179683,09/12/2020 12:46:44 PM,,MED,Y,O,M,27,DE,N,N,110-125.25,Y
20113545,09/12/2020 02:26:49 PM,,MAX,N,B,M,24,DE,N,Y,265.03,Y
20119412,09/12/2020 04:39:31 PM,,MAX,Y,B,M,26,DE,N,Y,140.25,Y
20211219,09/12/2020 04:44:00 PM,,MIN,N,W,M,37,DE,N,N,120.05,N
20204977,09/13/2020 04:21:22 PM,,MAX,Y,O,M,20,DE,N,Y,160.10,Y
106028,09/13/2020 07:18:42 PM,,MED,Y,O,M,43,CS,N,N,155.25,Y
20207383,09/13/2020 08:29:15 PM,,MIN,Y,B,M,41,DE,N,N,160.10,N
20069563,09/14/2020 01:54:32 AM,,MED,N,B,M,28,DE,N,N,125.25,N
20211235,09/14/2020 01:57:08 AM,,MED,Y,B,M,31,DE,N,N,125.25,N
20149472,09/14/2020 05:02:31 PM,,MED,Y,B,M,31,DE,N,N,120.10,Y
20141839,09/14/2020 11:53:37 PM,,MAX,Y,W,M,26,DE,N,N,160.15,Y
20211244,09/14/2020 11:59:26 PM,,MAX,Y,O,F,29,DE,N,N,265.03,Y
104697,09/15/2020 10:50:00 AM,,MAX,Y,B,M,33,DE,N,Y,110-125.25,Y
20168499,09/15/2020 12:39:42 PM,,MAX,Y,B,M,27,DE,N,N,110-125.27,Y
20206633,09/15/2020 06:28:23 PM,,MIN,Y,W,M,72,SSR,N,N,,N
20211258,09/15/2020 07:28:48 PM,,MAX,Y,B,M,31,DE,N,N,121.12,Y
84855,09/15/2020 09:44:19 PM,,MIN,N,W,M,49,DE,N,N,160.15,N
20211259,09/16/2020 01:18:51 AM,,MAX,Y,B,F,22,DE,N,N,150.15,Y
20209509,09/16/2020 12:35:03 PM,,MED,Y,B,M,24,DE,N,N,CO,N
20211266,09/17/2020 01:15:32 AM,,MAX,Y,B,M,19,DE,N,Y,110-125.25,Y
20181122,09/17/2020 11:49:00 AM,,MAX,N,B,M,20,DE,N,Y,265.03,Y
20211271,09/17/2020 01:04:19 PM,,MAX,Y,B,M,30,DE,N,N,120.10,Y
24136,09/17/2020 03:57:31 PM,,MIN,N,B,M,34,DE,N,N,230.34,N
133530,09/17/2020 05:46:49 PM,,MED,Y,B,M,33,DE,N,N,160.05,N
158528,09/17/2020 09:18:38 PM,,MAX,Y,B,M,35,DE,N,N,160.10,Y
112715,09/17/2020 09:21:37 PM,,MAX,Y,W,M,32,DE,N,N,150.05,Y
20163700,09/18/2020 12:18:14 AM,,MIN,Y,W,M,33,DE,N,N,120.05,N
39816,09/18/2020 12:21:19 AM,,MED,Y,B,M,45,DE,N,N,140.25,Y
53736,09/18/2020 01:20:00 AM,,MAX,N,B,M,36,DE,N,Y,110-125.25,Y
19122,09/18/2020 01:21:49 AM,,MIN,N,W,M,47,DE,N,N,160.15,Y
20130406,09/18/2020 01:36:00 AM,,MED,N,O,M,38,DE,N,N,130.35,N
48467,09/18/2020 12:30:04 PM,,MAX,Y,O,M,43,DNS,N,N,140.25,N
20181252,09/18/2020 05:28:29 PM,,MAX,Y,B,M,34,DE,N,N,110-125.25,Y
20211297,09/19/2020 12:29:25 AM,,MED,Y,B,F,56,DE,N,N,125.25,Y
127700,09/19/2020 02:19:31 PM,,MED,Y,B,M,53,DE,N,N,125.25,N
20208037,09/19/2020 04:23:32 PM,,MAX,N,O,M,34,DE,N,N,160.15,N
25135,09/19/2020 07:16:31 PM,,MED,Y,B,M,36,DE,N,N,265.03,Y
10014180,09/19/2020 10:06:52 PM,,MAX,Y,W,M,30,DE,N,Y,125.25,Y
20206831,09/20/2020 12:49:49 AM,,MED,N,B,M,47,DE,N,Y,265.03,Y
20082247,09/20/2020 12:58:29 PM,,MED,N,B,M,39,DE,N,Y,110-125.25,Y
20146075,09/20/2020 05:25:20 PM,,MED,Y,O,M,26,DE,N,N,265.03,Y
20109926,09/21/2020 07:42:02 PM,,MED,Y,B,M,31,DE,N,N,120.05,Y
20133441,09/22/2020 01:33:09 AM,,MED,Y,B,F,34,DEP,N,N,265.03,Y
20180297,09/22/2020 01:49:11 AM,,MAX,Y,B,M,20,DE,N,Y,125.25,Y
20153689,09/23/2020 01:02:00 AM,,MAX,Y,B,M,28,DE,N,N,130.35,Y
20079968,09/23/2020 12:53:08 PM,,MIN,Y,B,M,35,DE,N,N,110-125.25,N
82494,09/23/2020 02:12:08 PM,,MAX,Y,O,M,39,DE,N,N,140.30,Y
10709,09/23/2020 03:15:00 PM,,MED,N,B,M,37,DEP,N,N,110-125.25,Y
20128169,09/23/2020 04:51:52 PM,,MAX,Y,B,M,27,DE,N,N,125.25,Y
20211356,09/23/2020 08:39:13 PM,,MAX,Y,B,M,24,DE,N,N,140.30,Y
1893,09/23/2020 11:43:32 PM,,MED,Y,B,M,42,DE,N,N,265.03,Y
20187611,09/24/2020 01:13:20 AM,,MAX,Y,O,M,22,DE,N,Y,265.03,Y
20060082,09/24/2020 03:30:06 AM,,MAX,N,B,M,34,DE,N,Y,125.25,Y
20211362,09/24/2020 11:21:30 AM,,MED,Y,W,F,41,DE,N,N,125.25,Y
104174,09/24/2020 04:28:13 PM,,MED,Y,O,M,45,DE,N,N,125.25,N
20145280,09/24/2020 06:22:15 PM,,MED,Y,W,M,26,DE,N,N,160.15,N
20155875,09/25/2020 01:40:11 AM,,MAX,Y,O,M,23,DE,N,Y,265.03,Y
20209751,09/25/2020 12:32:20 PM,,MAX,Y,O,F,21,DE,N,N,120.10,Y
20017850,09/25/2020 01:22:59 PM,,MAX,Y,B,M,31,DE,N,N,120.10,Y
20207973,09/25/2020 08:20:21 PM,,MED,N,O,M,24,DE,N,N,125.25,N
129361,09/26/2020 12:34:11 AM,,MAX,Y,B,F,33,DNS,N,N,,Y
20211381,09/26/2020 12:17:58 PM,,MIN,Y,B,M,31,DE,N,N,150.10,Y
20192656,09/26/2020 02:44:12 PM,,MAX,N,B,M,19,DE,N,Y,110-125.25,Y
20171061,09/27/2020 12:50:20 AM,,MAX,Y,B,M,21,DE,N,Y,265.02,Y
20210854,09/27/2020 01:13:24 AM,,MED,N,B,M,20,DE,N,Y,110-125.25,Y
105429,09/27/2020 08:49:22 PM,,MAX,Y,B,M,36,DNS,N,N,,Y
20136192,09/28/2020 11:02:31 AM,,MAX,Y,B,M,24,DE,N,Y,120.10,Y
20179170,09/28/2020 04:17:54 PM,,MAX,Y,O,M,25,DE,N,N,160.15,Y
20192267,09/28/2020 05:37:19 PM,,MED,N,O,M,40,DE,N,N,130.35,N
20011222,09/29/2020 12:31:48 PM,,MED,Y,B,M,32,DE,N,N,130.53,N
132210,09/29/2020 12:35:38 PM,,MAX,N,O,M,32,DE,N,N,110-125.25,Y
3504,09/29/2020 01:55:34 PM,,MAX,Y,B,M,44,DE,N,N,120.05,N
20207182,09/29/2020 06:31:00 PM,,MIN,Y,B,M,27,DE,N,N,120.05,Y
91319,09/29/2020 07:48:08 PM,,MAX,Y,B,F,36,DE,N,N,125.25,Y
20211428,09/30/2020 12:14:49 AM,,MED,Y,O,F,51,DE,N,N,125.25,N
20202068,09/30/2020 03:51:22 PM,,MAX,N,O,M,19,DE,N,Y,110-125.25,Y
20211435,09/30/2020 04:46:10 PM,,MED,Y,O,M,31,DE,N,N,125.25,N
20211437,09/30/2020 05:02:11 PM,,MIN,N,B,M,37,DE,N,N,121.12,Y
20112657,10/01/2020 01:20:56 AM,,MIN,N,B,M,63,DE,N,N,140.25,N
20211443,10/01/2020 05:20:36 AM,,MED,Y,O,M,51,DE,N,N,125.25,N
141174,10/01/2020 11:10:24 AM,,MAX,N,B,M,30,DE,N,Y,265.11,Y
20209279,10/01/2020 12:53:33 PM,,MIN,Y,O,M,33,DE,N,N,220.16,Y
3717,10/01/2020 01:01:46 PM,,MED,Y,B,M,39,DE,N,N,130.65,N
20211446,10/01/2020 04:51:48 PM,,MED,Y,O,M,43,DE,N,N,125.25,N
20211447,10/01/2020 04:58:16 PM,,MED,Y,W,M,69,DE,N,N,125.25,N
20211463,10/02/2020 01:32:46 PM,,MED,Y,O,M,22,DE,N,Y,125.20,Y
20147065,10/02/2020 04:34:13 PM,,MAX,N,O,M,23,DE,N,Y,230.34,Y
20132129,10/02/2020 07:43:09 PM,,MAX,Y,B,M,24,DEP,N,Y,105.17,Y
20211468,10/02/2020 07:52:32 PM,,MIN,Y,W,M,46,DE,N,N,265.03,Y
127215,10/03/2020 12:39:18 AM,,MED,N,B,M,31,DE,N,N,230.33,Y
20211486,10/03/2020 01:59:30 AM,,MED,Y,W,M,21,DE,N,N,220.16,Y
20178418,10/03/2020 11:53:47 AM,,MED,Y,O,M,50,DE,N,N,110-125.25,Y
20211490,10/03/2020 03:18:00 PM,,MAX,N,B,M,25,DE,N,Y,125.25,Y
20153828,10/03/2020 08:31:14 PM,,MAX,N,B,M,23,DE,N,Y,110-125.25,Y
146951,10/04/2020 12:49:25 AM,,MAX,Y,W,M,31,DEP,N,N,110-125.25,Y
20211501,10/04/2020 01:23:32 AM,,MAX,Y,A,M,32,DE,N,N,125.25,Y
20091474,10/04/2020 01:41:02 PM,,MED,Y,B,M,42,DE,N,N,160.10,Y
20211514,10/04/2020 10:44:49 PM,,MIN,Y,B,M,42,DE,N,N,CO,N
20211518,10/05/2020 04:39:50 PM,,MAX,Y,B,M,23,DE,N,N,125.25,Y
9990,10/05/2020 11:47:21 PM,,MED,Y,W,M,42,DE,N,N,110-125.25,Y
20211521,10/06/2020 01:14:27 AM,,MIN,Y,B,M,24,DE,N,Y,265.03,Y
2407,10/06/2020 11:11:29 AM,,MIN,Y,B,M,64,DE,N,N,110-125.25,N
20205633,10/06/2020 12:54:47 PM,,MIN,Y,B,M,26,DE,N,N,,N
20101909,10/06/2020 04:36:27 PM,,MED,Y,B,M,30,DE,N,N,125.25,N
20198073,10/06/2020 10:04:35 PM,,MED,Y,B,M,57,DE,N,N,125.25,N
20169092,10/06/2020 11:03:00 PM,,MED,N,O,M,29,DE,N,N,110-125.25,Y
20211539,10/07/2020 11:38:00 AM,,MED,N,B,M,58,DE,N,N,130.75,N
20211543,10/07/2020 02:00:30 PM,,MED,Y,B,M,53,DE,N,N,130.95,N
18132,10/07/2020 07:59:38 PM,,MAX,Y,O,M,37,DE,N,Y,160.15,Y
20129037,10/08/2020 01:00:13 AM,,MAX,Y,W,M,27,DNS,N,N,,Y
96816,10/08/2020 01:54:47 AM,,MED,N,O,M,32,DE,N,N,110-125.25,N
29949,10/08/2020 11:52:25 AM,,MED,Y,B,M,64,DE,N,N,140.25,Y
88917,10/08/2020 01:20:20 PM,,MED,Y,B,M,63,DE,N,N,140.30,Y
20208711,10/08/2020 04:19:59 PM,,MAX,N,O,M,30,DE,N,N,130.50,Y
20211566,10/08/2020 07:35:20 PM,,MED,N,B,M,25,DE,N,N,125.25,N
20200673,10/08/2020 07:54:37 PM,,MED,N,W,M,38,DE,N,N,120.05,N
44737,10/08/2020 08:13:39 PM,,MED,N,W,M,42,DE,N,N,220.39,Y
145511,10/09/2020 01:06:30 AM,,MED,N,B,M,56,DNS,N,N,,Y
11228,10/09/2020 01:33:58 AM,,MIN,N,B,M,50,DE,N,N,140.30,N
20211583,10/09/2020 03:16:00 PM,,MED,Y,B,M,45,DE,N,N,125.25,Y
20181170,10/09/2020 04:38:29 PM,,MAX,N,O,M,21,DE,N,Y,110-125.25,Y
86218,10/09/2020 04:56:02 PM,,MED,N,O,M,35,DE,N,N,220.16,Y
20130493,10/09/2020 09:08:26 PM,,MED,Y,A,M,29,DEP,N,N,265.03,N
20201359,10/10/2020 01:00:04 AM,,MAX,Y,B,M,25,DE,N,N,110-125.25,Y
80477,10/11/2020 01:10:39 AM,,MIN,N,O,M,37,DE,N,N,240.75,N
20208192,10/11/2020 01:00:46 PM,,MAX,Y,B,M,22,DE,N,N,125.25,Y
20182062,10/12/2020 12:44:18 PM,,MED,Y,O,M,29,DE,N,N,125.25,Y
20009388,10/13/2020 12:47:36 AM,,MAX,Y,B,M,33,DEP,N,N,160.10,Y
33038,10/13/2020 10:59:32 AM,,MED,Y,B,M,51,DEP,N,N,155.30,Y
20194056,10/13/2020 11:28:42 AM,,MAX,N,B,M,24,DE,N,Y,125.25,Y
20077320,10/13/2020 09:13:26 PM,,MAX,Y,B,F,39,DE,N,N,125.25,Y
20032597,10/13/2020 10:36:50 PM,,MAX,Y,B,M,29,DE,N,N,125.25,Y
20191957,10/13/2020 11:36:56 PM,,MAX,Y,B,M,21,DE,N,N,160.10,Y
121072,10/14/2020 01:19:49 AM,,MIN,N,B,M,58,DE,N,N,160.10,N
20050539,10/14/2020 12:09:13 PM,,MAX,N,B,M,34,DE,N,Y,125.25,Y
20191897,10/14/2020 03:34:31 PM,,MAX,N,B,M,19,DE,N,Y,110-125.25,Y
160453,10/14/2020 04:24:46 PM,,MAX,Y,O,M,38,DE,N,N,265.03,Y
20033114,10/14/2020 06:37:20 PM,,MAX,Y,B,M,29,DE,N,Y,160.15,Y
20208262,10/14/2020 07:11:09 PM,,MED,N,B,M,19,DE,N,Y,110-125.25,Y
20148005,10/14/2020 07:51:56 PM,,MED,Y,B,M,31,DE,N,N,160.10,Y
20005318,10/15/2020 04:32:32 PM,,MIN,N,B,M,39,DE,N,N,120.10,Y
20211656,10/15/2020 07:23:19 PM,,MAX,N,B,M,20,DE,N,Y,125.25,Y
20005593,10/15/2020 08:47:01 PM,,MED,N,O,M,40,DE,N,N,130.35,N
20211661,10/16/2020 12:29:11 AM,,MIN,N,B,M,46,DE,N,N,160.15,N
10009211,10/16/2020 11:44:15 AM,,MED,N,B,M,30,DE,N,N,130.35,Y
20119643,10/16/2020 07:49:31 PM,,MED,Y,O,M,25,DE,N,N,160.15,Y
20204945,10/17/2020 12:46:12 AM,,MED,N,B,M,55,DEP,N,N,160.15,N
57983,10/17/2020 01:35:04 AM,,MIN,Y,B,M,66,DE,N,N,160.10,Y
20211675,10/17/2020 11:33:00 AM,,MIN,Y,B,M,26,DE,N,N,140.25,N
20130178,10/17/2020 12:10:59 PM,,MIN,N,O,M,54,DEP,N,N,140.25,N
20188954,10/17/2020 02:50:00 PM,,MAX,Y,B,M,20,DE,N,Y,160.15,Y
20211681,10/17/2020 04:42:40 PM,,MIN,N,B,M,54,DE,N,N,265.03,N
20072188,10/18/2020 01:38:22 AM,,MAX,Y,O,M,43,DE,N,Y,160.15,Y
65161,10/18/2020 02:28:24 PM,,MED,Y,B,M,51,DE,N,N,130.65,Y
20211697,10/19/2020 12:26:00 AM,,MAX,Y,B,M,21,DE,N,N,125.25,Y
50486,10/19/2020 05:18:00 PM,,MAX,Y,B,M,37,DE,N,N,120.05,Y
124272,10/19/2020 05:18:37 PM,,MAX,Y,O,M,36,DE,N,N,140.20,Y
20188138,10/19/2020 05:30:52 PM,,MIN,N,O,M,38,DE,N,N,140.25,Y
20069765,10/19/2020 07:20:00 PM,,MAX,N,B,M,30,DE,N,Y,265.03,Y
54351,10/19/2020 10:29:26 PM,,MED,Y,B,M,63,SSR,N,N,,Y
10007137,10/20/2020 01:17:53 AM,,MAX,Y,B,M,30,DE,N,Y,110-125.25,Y
41110,10/20/2020 04:08:45 PM,,MIN,Y,B,M,37,DE,N,N,230.34,N
20189179,10/21/2020 01:03:48 AM,,MAX,N,B,M,20,DE,N,Y,125.25,Y
20038319,10/21/2020 11:28:00 AM,,MED,Y,B,M,31,DE,N,N,265.03,Y
20030627,10/21/2020 09:12:52 PM,,MIN,N,B,M,53,DE,N,N,160.15,N
20211738,10/22/2020 11:31:15 AM,,MAX,Y,B,M,22,DE,N,Y,160.15,Y
58536,10/22/2020 05:40:39 PM,,MAX,Y,B,M,36,DE,N,N,160.15,N
20209669,10/22/2020 08:57:56 PM,,MED,N,B,M,23,SSR,N,N,,N
88397,10/23/2020 12:56:47 AM,,MED,N,O,M,36,DE,N,Y,110-125.25,Y
20211747,10/23/2020 02:45:49 AM,,MAX,Y,B,M,23,DE,N,Y,110-125.25,Y
45401,10/23/2020 03:40:00 PM,,MAX,N,B,M,46,DE,N,N,160.15,Y
19028,10/23/2020 05:48:06 PM,,MAX,N,B,M,45,DEP,N,N,265.03,Y
20211759,10/23/2020 07:34:51 PM,,MIN,N,U,M,47,DE,N,N,265.09,Y
48845,10/23/2020 11:57:00 PM,,MED,Y,B,M,36,DE,N,N,130.30,Y
20169771,10/24/2020 12:48:11 AM,,MED,Y,O,M,26,DE,N,N,130.35,Y
20211760,10/24/2020 12:51:11 AM,,MAX,Y,B,M,23,DE,N,N,120.10,Y
20211765,10/24/2020 02:17:00 AM,,MED,N,O,M,44,DE,N,N,130.75,N
20046243,10/24/2020 05:53:34 PM,,MED,Y,B,M,27,DE,N,N,160.15,Y
20211773,10/25/2020 01:44:00 AM,,MAX,N,B,M,21,DE,N,Y,125.25,Y
20118408,10/25/2020 01:55:36 AM,,MAX,Y,O,M,29,DE,N,N,265.03,Y
20211779,10/25/2020 07:04:50 PM,,MED,Y,O,M,34,DE,N,N,110-130.35,N
20132367,10/26/2020 12:25:24 AM,,MIN,Y,B,M,38,DE,N,Y,265.03,Y
169420,10/26/2020 02:18:26 AM,,MED,Y,O,M,36,DE,N,N,125.25,N
47786,10/26/2020 02:41:00 PM,,MED,Y,B,M,38,DNS,N,N,,Y
19323,10/26/2020 07:57:08 PM,,MED,N,B,M,62,DE,N,N,150.15,N
51960,10/26/2020 11:18:05 PM,,MAX,Y,B,M,34,DEP,N,Y,160.10,Y
20072902,10/26/2020 11:51:12 PM,,MAX,Y,B,M,26,DE,N,Y,215.51,Y
20201435,10/27/2020 01:52:23 PM,,MIN,Y,A,M,46,DE,N,N,150.20,N
6144,10/27/2020 04:11:35 PM,,MED,N,B,M,39,DE,N,N,120.10,Y
20211802,10/27/2020 04:28:41 PM,,MED,Y,B,M,31,DE,N,N,125.25,Y
20162917,10/28/2020 12:41:38 PM,,MAX,Y,B,F,32,DE,N,N,160.15,Y
75492,10/28/2020 02:37:59 PM,,MAX,N,B,M,34,SSR,N,N,,Y
35434,10/28/2020 02:43:12 PM,,MED,Y,B,M,46,DE,N,N,220.43,Y
20211820,10/28/2020 04:18:09 PM,,MIN,Y,W,M,35,DE,N,N,120.10,Y
145452,10/29/2020 01:11:47 AM,,MED,N,W,M,38,DEP,N,N,220.18,N
20211828,10/29/2020 11:14:32 AM,,MED,N,B,M,48,DEP,N,N,125.25,N
20119320,10/29/2020 04:09:41 PM,,MED,N,B,M,34,DE,N,N,160.10,Y
20211832,10/29/2020 04:23:04 PM,,MED,Y,O,M,31,DE,N,N,105.15,Y
20211836,10/29/2020 05:01:46 PM,,MIN,N,O,M,44,DE,N,N,220.77,N
20109208,10/29/2020 05:06:31 PM,,MED,N,B,M,28,DE,N,N,125.25,Y
20082733,10/30/2020 01:21:13 AM,,MED,N,O,M,52,DE,N,N,220.41,N
30856,10/30/2020 11:04:30 AM,,MED,Y,W,M,31,DE,N,N,125.25,Y
20211845,10/30/2020 04:08:54 PM,,MAX,Y,O,M,26,DE,N,N,130.50,Y
20208038,10/30/2020 04:49:51 PM,,MED,N,O,M,33,DE,N,N,140.30,N
20084327,10/30/2020 06:32:59 PM,,MAX,N,B,M,27,DE,N,Y,125.25,Y
20211852,10/30/2020 09:11:35 PM,,MAX,N,O,M,24,DE,N,N,125.25,Y
119778,10/31/2020 05:11:06 PM,,MED,Y,B,M,35,DE,N,N,125.25,N
20147307,10/31/2020 05:45:36 PM,,MAX,N,O,F,60,DE,N,N,110-125.25,Y
20057975,10/31/2020 09:42:09 PM,,MAX,Y,B,M,28,SSR,N,Y,,Y
20144316,11/01/2020 01:10:21 AM,,MAX,Y,W,M,23,DE,N,Y,110-125.25,Y
71235,11/01/2020 01:20:09 AM,,MED,Y,B,M,31,DE,N,Y,265.03,Y
20168667,11/01/2020 01:22:12 AM,,MED,Y,W,M,24,DE,N,N,160.15,Y
20007631,11/02/2020 11:56:41 AM,,MED,N,O,M,33,DE,N,N,110-125.25,Y
20071070,11/02/2020 12:49:18 PM,,MAX,N,B,M,31,DE,N,Y,125.21,Y
75873,11/02/2020 03:54:18 PM,,MIN,N,B,M,57,DE,N,N,160.15,N
20086485,11/02/2020 08:34:56 PM,,MED,Y,B,M,25,DE,N,N,265.03,Y
130700,11/02/2020 11:54:55 PM,,MAX,N,B,M,31,DE,N,Y,125.25,Y
20211880,11/03/2020 01:32:22 AM,,MIN,N,B,M,50,DE,N,N,265.12,N
20108751,11/03/2020 11:03:56 AM,,MAX,Y,B,M,25,DE,N,N,140.30,Y
70657,11/03/2020 12:55:00 PM,,MAX,Y,O,M,40,DE,N,N,110-125.25,Y
20051049,11/03/2020 03:08:00 PM,,MED,N,B,M,50,DE,N,Y,265.13,N
138195,11/03/2020 07:42:29 PM,,MIN,N,B,M,46,DE,N,N,120.05,Y
20071906,11/03/2020 11:55:03 PM,,MED,Y,W,M,52,DE,N,N,140.30,Y
20211896,11/04/2020 11:49:38 AM,,MED,N,B,M,26,DE,N,N,110-125.25,Y
20022248,11/04/2020 04:59:27 PM,,MED,Y,B,M,30,DE,N,N,110-125.25,N
20211903,11/04/2020 08:55:37 PM,,MED,Y,W,M,48,DE,N,N,125.25,N
20211904,11/04/2020 09:28:32 PM,,MAX,Y,B,M,19,DE,N,Y,160.15,Y
20156893,11/04/2020 09:42:49 PM,,MAX,Y,O,M,23,DE,N,N,265.03,Y
20211908,11/05/2020 01:57:49 AM,,MED,N,O,M,46,DE,N,N,125.25,N
20211912,11/05/2020 12:23:00 PM,,MED,N,B,M,21,DE,N,N,110-125.25,Y
20209625,11/05/2020 02:03:00 PM,,MAX,N,B,M,20,DE,N,Y,160.15,Y
105982,11/05/2020 03:46:41 PM,,MED,N,B,M,47,DE,N,Y,125.25,N
16014,11/05/2020 06:09:34 PM,,MIN,Y,O,M,38,DE,N,N,215.52,N
20193436,11/05/2020 07:02:15 PM,,MIN,N,B,M,52,DE,N,N,160.10,N
20108477,11/05/2020 10:58:00 PM,,MAX,N,B,M,25,DEP,N,Y,125.25,Y
48285,11/06/2020 01:18:00 AM,,MED,Y,B,M,41,DE,N,Y,130.65,Y
20211924,11/06/2020 03:39:58 PM,,MED,N,O,M,58,DEP,N,N,160.15,N
20064950,11/06/2020 07:35:50 PM,,MAX,N,B,M,27,DE,N,Y,140.30,Y
124121,11/07/2020 12:36:35 AM,,MED,N,B,M,32,DE,N,Y,125.25,Y
10006151,11/07/2020 02:43:00 PM,,MED,Y,B,M,34,DE,N,N,125.25,N
131038,11/07/2020 03:08:26 PM,,MED,N,B,M,30,DE,N,N,110-125.25,N
133503,11/07/2020 05:15:50 PM,,MED,Y,B,M,44,DEP,N,Y,220.09,Y
20209756,11/07/2020 10:28:54 PM,,MED,Y,B,M,20,DE,N,N,110-125.25,Y
20108791,11/08/2020 01:08:19 PM,,MED,Y,O,M,66,DEP,N,N,130.53,N
20211424,11/08/2020 02:49:49 PM,,MAX,N,O,M,23,DE,N,N,220.39,Y
20210291,11/08/2020 07:00:39 PM,,MED,N,B,M,22,DE,N,Y,265.03,Y
34675,11/09/2020 12:20:03 PM,,MAX,Y,O,M,32,DE,N,N,140.25,Y
20211964,11/09/2020 12:35:50 PM,,MED,Y,B,M,28,DE,N,N,125.25,Y
20211207,11/09/2020 05:23:13 PM,,MAX,N,O,M,19,DE,N,Y,110-125.25,Y
20053384,11/09/2020 08:55:43 PM,,MAX,Y,B,M,27,DE,N,Y,125.25,Y
69487,11/10/2020 01:31:44 AM,,MIN,N,B,M,46,DE,N,N,215.51,N
20156815,11/10/2020 10:07:49 PM,,MAX,Y,O,M,24,DE,N,Y,160.15,Y
9996,11/11/2020 01:04:02 AM,,MIN,N,B,M,44,DE,N,N,1192(3),N
137849,11/11/2020 03:10:19 AM,,MED,N,B,M,30,DE,N,N,125.25,Y
20167508,11/11/2020 12:52:40 PM,,MAX,Y,B,M,28,DE,N,N,130.96,Y
20211985,11/11/2020 01:29:36 PM,,MED,N,B,M,38,DE,N,N,110-125.25,Y
115175,11/11/2020 07:17:00 PM,,MAX,Y,B,M,50,DE,N,N,125.25,Y
20115379,11/12/2020 12:10:29 AM,,MED,Y,O,M,28,DE,N,N,130.96,N
20206610,11/12/2020 02:32:00 AM,,MED,Y,O,M,21,DE,N,N,160.15,Y
17936,11/13/2020 11:54:20 AM,,MAX,Y,B,M,54,DE,N,Y,160.05,Y
20024494,11/13/2020 04:24:14 PM,,MED,Y,B,M,30,DE,N,Y,1192(2),N
20165855,11/13/2020 04:31:00 PM,,MAX,Y,B,M,23,DE,N,Y,160.10,Y
20194388,11/13/2020 05:25:00 PM,,MIN,Y,B,M,53,DE,N,N,120.10,N
20211031,11/14/2020 12:45:21 AM,,MIN,Y,B,M,51,DE,N,N,110-125.25,N
20212031,11/14/2020 01:59:23 AM,,MED,N,W,M,41,DE,N,N,130.35,N
20037065,11/14/2020 12:20:04 PM,,MAX,Y,B,M,32,DE,N,N,140.25,Y
65590,11/14/2020 04:55:52 PM,,MIN,Y,W,M,36,SSR,N,N,,N
20067995,11/14/2020 08:51:06 PM,,MED,Y,O,M,27,DE,N,N,110-125.25,Y
20093132,11/14/2020 09:12:33 PM,,MED,Y,B,M,35,DEP,N,N,130.35,N
20173552,11/14/2020 10:50:54 PM,,MED,Y,W,M,44,DE,N,N,160.15,N
20007705,11/15/2020 01:34:58 AM,,MAX,Y,W,M,39,DE,N,N,215.51,Y
55242,11/15/2020 04:40:33 PM,,MAX,Y,O,M,37,DNS,N,N,,Y
146913,11/15/2020 10:41:15 PM,,MED,Y,B,M,36,DE,N,N,120.05,Y
20198403,11/16/2020 01:21:14 PM,,MED,N,O,M,23,DE,N,N,120.10,N
20199113,11/16/2020 04:11:25 PM,,MED,N,O,M,25,DE,N,N,130.30,Y
20036421,11/16/2020 04:20:52 PM,,MED,N,B,M,34,DE,N,N,130.50,Y
16763,11/16/2020 05:32:20 PM,,MED,Y,B,M,42,DE,N,N,125.25,N
20142738,11/17/2020 02:56:15 PM,,MED,N,O,M,28,DEP,N,N,125.25,N
12974,11/17/2020 02:57:26 PM,,MIN,N,O,M,57,DE,N,N,140.25,N
166590,11/17/2020 10:43:00 PM,,MED,N,B,M,50,DE,N,N,130.50,Y
53889,11/18/2020 01:12:56 AM,,MIN,Y,O,M,50,DE,N,N,160.15,N
10013714,11/18/2020 01:42:55 PM,,MAX,Y,B,M,36,DE,N,N,CO,N
86509,11/18/2020 03:37:08 PM,,MAX,Y,B,M,34,DE,N,N,130.35,Y
13059,11/18/2020 08:48:13 PM,,MED,Y,B,M,59,DE,N,N,140.20,N
20094363,11/19/2020 12:40:03 AM,,MED,Y,B,M,29,DE,N,N,120.18,Y
61122,11/19/2020 10:58:13 AM,,MED,Y,B,M,40,DE,N,N,130.50,Y
55878,11/19/2020 04:18:55 PM,,MAX,Y,O,M,32,SSR,N,Y,,Y
20212093,11/19/2020 04:21:20 PM,,MIN,N,B,M,66,DE,N,N,220.77,N
137731,11/19/2020 04:23:26 PM,,MED,Y,O,M,36,DE,N,N,135.20,N
20176659,11/19/2020 05:00:41 PM,,MIN,Y,B,M,33,DE,N,N,265.09,N
118055,11/19/2020 05:25:13 PM,,MED,Y,B,M,52,DE,N,N,135.20,N
20059836,11/19/2020 07:38:44 PM,,MAX,N,B,M,29,DEP,N,Y,265.03,Y
20032548,11/20/2020 01:47:39 AM,,MED,N,B,M,29,DE,N,N,110-125.25,Y
20212108,11/20/2020 12:03:19 PM,,MIN,Y,B,M,22,DE,N,N,160.10,Y
20212109,11/20/2020 12:04:08 PM,,MED,N,A,M,43,DE,N,N,130.35,N
20003272,11/20/2020 02:42:24 PM,,MAX,Y,W,M,33,DE,N,N,220.16,Y
20210984,11/20/2020 03:27:00 PM,,MAX,Y,B,M,19,DE,N,Y,160.15,Y
84496,11/20/2020 06:05:00 PM,,MIN,Y,O,M,46,SSR,N,N,,N
20212115,11/20/2020 06:15:18 PM,,MED,Y,A,M,25,DE,N,N,110-125.25,Y
34167,11/20/2020 09:01:25 PM,,MED,N,B,M,57,DPV,N,N,,Y
20149592,11/21/2020 01:13:30 AM,,MAX,N,B,M,24,DE,N,Y,160.15,Y
20042047,11/21/2020 12:45:00 PM,,MAX,Y,B,M,30,DE,N,N,110-125.25,Y
20201135,11/21/2020 01:17:49 PM,,MAX,Y,B,F,32,DE,N,N,110-125.25,Y
20024987,11/22/2020 01:21:00 AM,,MED,N,B,M,40,DE,N,N,125.25,Y
20073012,11/22/2020 12:00:00 PM,,MAX,Y,W,M,26,DE,N,Y,CO,Y
20209936,11/22/2020 08:16:22 PM,,MAX,N,B,M,19,DE,N,Y,265.03,Y
20189137,11/23/2020 12:31:11 PM,,MAX,Y,O,M,31,DE,N,N,CO,Y
20129190,11/23/2020 05:33:00 PM,,MAX,Y,B,M,25,DE,N,Y,110-125.25,Y
20176732,11/24/2020 12:40:17 AM,,MED,Y,B,M,53,DE,N,N,125.25,Y
20212150,11/24/2020 01:09:09 AM,,MED,Y,B,M,26,DE,N,N,160.15,N
45187,11/24/2020 02:38:00 PM,,MED,Y,B,M,38,DE,N,N,110-125.25,N
20115989,11/24/2020 02:43:02 PM,,MAX,Y,B,M,29,DE,N,N,130.96,Y
20048199,11/24/2020 03:49:32 PM,,MED,Y,B,M,52,SSR,N,N,,Y
20080734,11/24/2020 05:49:00 PM,,MAX,Y,B,M,28,DE,N,Y,125.25,Y
20070778,11/24/2020 07:12:19 PM,,MAX,Y,B,M,31,DE,N,N,160.15,Y
20212156,11/24/2020 08:40:44 PM,,MIN,N,B,M,43,DE,N,N,265.12,N
52370,11/24/2020 11:19:01 PM,,MED,Y,W,M,41,DE,N,N,140.25,Y
20207534,11/24/2020 11:28:08 PM,,MAX,Y,O,M,21,DE,N,N,110-125.25,Y
25615,11/24/2020 11:57:42 PM,,MIN,N,W,M,36,DE,N,N,265.03,N
20212161,11/25/2020 10:55:52 AM,,MIN,N,W,M,67,DE,N,N,265.03,N
51644,11/25/2020 12:27:30 PM,,MED,Y,O,M,45,DE,N,N,130.53,Y
20093808,11/25/2020 03:33:02 PM,,MAX,Y,B,M,35,DE,N,N,125.25,Y
3821,11/25/2020 05:57:23 PM,,MED,N,B,M,41,SSR,N,N,,N
20150878,11/25/2020 08:12:35 PM,,MAX,Y,O,M,24,DE,N,N,110-125.25,Y
20212173,11/26/2020 03:51:06 PM,,MIN,N,O,M,30,DE,N,N,220.21,N
76586,11/26/2020 06:59:38 PM,,MED,N,B,M,32,DE,N,N,110-125.25,Y
170519,11/26/2020 07:10:12 PM,,MAX,Y,B,M,59,DEP,N,N,140.25,Y
20181979,11/26/2020 08:10:43 PM,,MAX,Y,O,M,28,DE,N,N,160.10,Y
20113992,11/26/2020 08:28:40 PM,,MED,Y,B,M,24,DE,N,Y,265.03,N
163689,11/26/2020 08:46:31 PM,,MED,Y,O,M,32,DE,N,N,140.25,Y
46736,11/27/2020 01:16:23 AM,,MED,Y,B,M,35,DE,N,N,220.16,N
20212185,11/27/2020 12:49:00 PM,,MAX,Y,B,M,23,DE,N,N,125.25,Y
20197268,11/28/2020 12:30:55 AM,,MED,N,B,M,61,DE,N,N,140.25,N
10012992,11/28/2020 05:19:29 PM,,MIN,N,B,M,41,DE,N,N,160.10,N
20170758,11/29/2020 05:06:11 PM,,MED,Y,A,M,23,DE,N,N,160.15,N
20212207,11/29/2020 05:21:00 PM,,MAX,Y,O,M,22,DPV,N,Y,,Y
36052,11/30/2020 01:15:32 PM,,MAX,Y,O,M,35,DE,N,N,160.15,Y
20078743,12/01/2020 07:56:39 AM,,MED,Y,B,M,30,DE,N,N,CO,N
20212225,12/01/2020 12:22:26 PM,,MED,Y,B,M,19,DE,N,N,110-265.03,Y
20005224,12/01/2020 04:20:00 PM,,MAX,N,B,M,61,DE,N,N,125.25,N
20212229,12/01/2020 05:23:55 PM,,MED,N,O,M,39,CS,N,N,130.96,N
20594,12/02/2020 09:47:16 AM,,MAX,Y,O,M,40,DE,N,N,110-125.25,N
20087778,12/02/2020 02:37:00 PM,,MIN,Y,B,M,25,DE,N,N,110-125.25,Y
20156552,12/03/2020 12:32:23 AM,,MAX,N,B,M,22,DEP,N,Y,265.03,Y
12250,12/03/2020 01:45:29 AM,,MED,N,W,M,36,DE,N,N,140.25,N
20045256,12/03/2020 10:50:10 AM,,MED,Y,O,M,40,DE,N,N,110-125.25,Y
20168215,12/03/2020 11:30:00 AM,,MAX,Y,B,M,22,DE,N,N,160.15,Y
20140778,12/03/2020 04:51:35 PM,,MAX,Y,B,M,25,DEP,N,Y,265.03,Y
20022898,12/03/2020 08:36:48 PM,,MAX,N,B,M,31,DE,N,Y,230.34,Y
64367,12/03/2020 08:54:03 PM,,MED,Y,W,M,43,DE,N,N,110-140.25,N
150758,12/04/2020 12:08:12 AM,,MED,Y,B,M,43,DE,N,N,130.50,N
20148237,12/04/2020 04:57:28 PM,,MAX,N,B,M,29,DE,N,Y,110-125.25,Y
20181431,12/04/2020 05:02:50 PM,,MAX,Y,B,M,21,DE,N,Y,160.15,Y
162496,12/04/2020 05:17:50 PM,,MIN,Y,O,M,58,DE,N,N,230.34,N
20212280,12/05/2020 04:30:11 AM,,MED,N,O,M,38,DE,N,N,130.80,N
20170890,12/05/2020 02:55:00 PM,,MAX,Y,B,M,23,DE,N,Y,110-125.25,Y
20212283,12/05/2020 03:18:45 PM,,MED,N,B,M,31,DE,N,N,125.25,N
20190360,12/05/2020 04:36:50 PM,,MAX,Y,B,M,35,DE,N,Y,110-120.10,Y
144916,12/05/2020 05:19:58 PM,,MAX,Y,B,M,38,DE,N,N,140.25,Y
20147471,12/06/2020 08:59:46 PM,,MED,N,B,M,40,DE,N,N,160.15,N
20029150,12/07/2020 12:32:16 PM,,MED,N,B,M,52,DE,N,N,160.15,Y
10005017,12/07/2020 08:14:06 PM,,MIN,N,W,M,30,DE,N,N,110-125.25,N
20212305,12/07/2020 11:34:30 PM,,MIN,N,B,M,33,DE,N,N,265.03,N
20212307,12/08/2020 12:05:06 AM,,MED,N,W,M,24,DE,N,N,125.25,N
20211300,12/08/2020 02:39:00 AM,,MAX,Y,B,M,21,DE,N,N,160.15,Y
20206226,12/08/2020 12:54:50 PM,,MED,N,O,M,34,DE,N,N,130.35,N
20212313,12/08/2020 04:00:00 PM,,MAX,N,B,M,19,DE,N,Y,110-125.25,Y
20075803,12/08/2020 06:06:18 PM,,MED,Y,W,M,37,DE,N,Y,265.03,N
20208006,12/08/2020 07:05:52 PM,,MAX,Y,B,M,21,DE,N,N,160.15,Y
20212314,12/08/2020 11:57:10 PM,,MAX,N,B,M,24,DE,N,Y,110-125.25,Y
21877,12/09/2020 12:58:10 AM,,MED,Y,B,M,34,DE,N,N,220.39,N
20212324,12/09/2020 04:02:40 PM,,MIN,N,B,M,37,DE,N,N,220.77,N
20158102,12/09/2020 04:36:57 PM,,MAX,Y,O,M,38,DE,N,N,155.35,Y
160095,12/10/2020 12:24:13 AM,,MED,Y,B,M,34,DE,N,N,130.35,N
148035,12/10/2020 01:35:55 AM,,MAX,Y,W,M,32,DE,N,Y,265.03,Y
20194796,12/10/2020 12:55:00 PM,,MAX,N,B,M,32,DE,N,N,125.25,Y
20110250,12/10/2020 01:17:14 PM,,MED,Y,B,M,32,DE,N,N,160.10,N
10004946,12/10/2020 11:09:49 PM,,MAX,N,B,M,39,DE,N,Y,110-125.25,Y
67819,12/11/2020 01:14:00 AM,,MIN,Y,B,M,38,DE,N,N,140.30,N
30906,12/11/2020 03:37:47 PM,,MED,N,B,M,41,DE,N,Y,230.34,Y
20137282,12/11/2020 08:57:05 PM,,MIN,Y,B,M,29,DE,N,N,110-125.27,N
20212357,12/11/2020 09:09:36 PM,,MIN,Y,B,M,33,DE,N,N,105.10,N
20212362,12/12/2020 12:57:39 AM,,MIN,N,I,M,29,DE,N,N,105.15,Y
145142,12/12/2020 12:09:19 PM,,MED,Y,O,M,45,SSR,N,Y,,N
20190694,12/12/2020 05:02:23 PM,,MAX,Y,O,M,23,DE,N,N,125.25,Y
20185454,12/12/2020 08:12:07 PM,,MAX,Y,B,M,26,DE,N,Y,160.15,Y
20155042,12/13/2020 01:00:33 AM,,MED,Y,B,M,30,DE,N,N,140.30,Y
20127282,12/13/2020 01:20:56 AM,,MAX,N,W,M,24,DE,N,Y,265.03,Y
20096203,12/13/2020 12:12:41 PM,,MIN,N,O,M,56,DE,N,N,215.52,N
29855,12/13/2020 12:24:17 PM,,MED,Y,B,M,56,DE,N,N,130.53,N
20072585,12/13/2020 04:21:13 PM,,MAX,N,W,M,27,DE,N,Y,140.30,Y
20064561,12/13/2020 04:29:23 PM,,MED,N,B,M,33,DE,N,N,140.30,N
23979,12/13/2020 04:42:11 PM,,MIN,Y,O,M,43,DE,N,N,140.25,N
20212389,12/14/2020 11:43:20 AM,,MAX,Y,B,M,21,DE,N,Y,265.03,Y
10003484,12/14/2020 11:54:22 AM,,MED,N,O,M,35,DE,N,N,110-120.10,Y
20206440,12/14/2020 01:24:29 PM,,MED,Y,O,M,29,DE,N,N,110-160.10,N
2448,12/14/2020 04:51:57 PM,,MAX,Y,B,M,34,DE,N,N,120.10,Y
20166957,12/15/2020 10:49:00 AM,,MED,Y,O,M,26,DE,N,N,265.03,Y
20011823,12/15/2020 07:40:03 PM,,MAX,Y,B,M,28,DE,N,N,110-160.10,Y
20723,12/15/2020 09:09:58 PM,,MED,Y,O,M,42,DE,N,N,120.10,N
20177963,12/16/2020 12:10:46 AM,,MAX,N,O,M,21,DE,N,N,120.07,Y
122143,12/16/2020 04:35:04 PM,,MED,Y,O,M,45,DE,N,N,125.25,N
22314,12/16/2020 05:25:12 PM,,MAX,Y,O,M,40,DE,N,N,160.15,Y
20191943,12/16/2020 05:33:14 PM,,MAX,Y,B,M,24,DE,N,N,110-125.25,Y
20212425,12/17/2020 12:34:51 PM,,MAX,Y,B,M,26,DE,N,N,125.25,Y
105954,12/17/2020 02:30:48 PM,,MIN,N,B,M,55,DNS,N,N,,N
20212427,12/17/2020 03:29:00 PM,,MED,N,B,M,32,DE,N,N,125.25,Y
20212429,12/17/2020 05:01:31 PM,,MED,N,B,M,40,DE,N,N,125.25,N
20154660,12/17/2020 05:09:40 PM,,MED,N,O,M,53,DE,N,N,220.16,Y
20166864,12/18/2020 12:35:54 AM,,MAX,Y,B,M,25,DE,N,N,160.05,N
20125640,12/18/2020 03:17:07 AM,,MED,N,W,M,38,DE,N,N,120.05,Y
20086034,12/18/2020 03:30:04 AM,,MAX,N,B,M,26,DE,N,Y,125.25,Y
20212255,12/18/2020 11:02:00 PM,,MAX,N,B,M,20,DE,N,Y,105.17,Y
20212438,12/19/2020 02:19:16 AM,,MED,Y,O,M,53,DE,N,N,125.25,N
20081954,12/19/2020 05:27:15 AM,,MED,Y,B,F,31,DE,N,N,230.34,Y
20063265,12/19/2020 05:55:02 AM,,MED,N,B,M,29,DE,N,Y,230.34,N
140921,12/19/2020 04:06:08 PM,,MED,Y,B,M,51,DE,N,N,125.25,Y
20200940,12/19/2020 04:36:13 PM,,MIN,N,A,M,38,SSR,N,N,,Y
46339,12/19/2020 08:29:19 PM,,MIN,N,O,M,52,DE,N,N,140.25,Y
20142126,12/20/2020 02:12:00 PM,,MAX,Y,B,M,25,DE,N,Y,125.25,Y
104470,12/20/2020 04:18:24 PM,,MIN,N,O,M,53,DE,N,N,220.03,N
20212452,12/21/2020 01:28:53 AM,,MIN,Y,W,M,26,DNS,N,N,120.05,N
20121867,12/21/2020 01:28:50 PM,,MED,N,B,M,32,DE,N,N,120.10,N
20206658,12/22/2020 04:26:53 PM,,MAX,N,B,M,22,DE,N,Y,110-125.25,Y
20194595,12/22/2020 04:47:33 PM,,MAX,Y,B,M,22,DE,N,Y,160.10,Y
20161421,12/22/2020 05:52:35 PM,,MAX,N,B,M,25,DE,N,Y,110-125.25,Y
20108052,12/22/2020 07:06:00 PM,,MAX,N,B,M,26,DE,N,Y,265.03,Y
20169334,12/22/2020 08:30:16 PM,,MAX,Y,O,M,21,DE,N,N,110-125.25,Y
97483,12/22/2020 08:33:00 PM,,MAX,Y,B,M,35,DE,N,Y,110-125.25,Y
166374,12/23/2020 04:46:38 PM,,MAX,Y,W,M,33,DE,N,Y,160.10,Y
20109794,12/23/2020 04:59:03 PM,,MED,Y,B,M,24,DE,N,N,120.10,Y
34510,12/24/2020 01:35:12 AM,,MED,Y,W,M,44,DE,N,N,265.03,N
10096,12/24/2020 01:14:33 PM,,MAX,Y,B,M,38,DEP,N,Y,220.16,Y
20175990,12/24/2020 04:27:12 PM,,MED,Y,O,M,28,DE,N,Y,230.34,Y
20199761,12/24/2020 08:54:17 PM,,MIN,Y,O,M,35,DE,N,N,160.10,N
20129814,12/24/2020 08:56:25 PM,,MAX,N,B,M,25,DE,N,Y,230.34,Y
20212486,12/24/2020 09:25:45 PM,,MIN,N,B,M,56,DE,N,N,110-125.27,N
20212487,12/24/2020 09:50:50 PM,,MED,N,O,M,60,SSR,N,N,,N
20049356,12/24/2020 10:10:53 PM,,MED,Y,W,M,41,DE,N,N,125.27,N
20212490,12/24/2020 11:34:00 PM,,MED,Y,B,M,27,DE,N,N,265.03,Y
113758,12/25/2020 02:17:26 AM,,MED,N,B,M,38,DE,N,N,125.25,Y
20088075,12/25/2020 05:24:00 PM,,MAX,Y,W,M,32,DE,N,N,140.25,Y
20189491,12/25/2020 08:04:52 PM,,MED,N,O,M,35,DEP,N,N,220.16,N
20212497,12/25/2020 11:23:00 PM,,MED,Y,B,M,21,DE,N,N,110-125.27,N
143431,12/26/2020 08:20:48 PM,,MED,N,O,M,66,DE,N,N,130.53,N
20002567,12/27/2020 12:55:57 AM,,MAX,N,W,M,29,DE,N,N,265.03,N
26397,12/28/2020 04:25:26 PM,,MED,Y,O,M,37,SSR,N,N,,Y
37066,12/28/2020 04:46:59 PM,,MAX,Y,O,F,32,DE,N,N,110-150.15,Y
20211831,12/28/2020 05:50:00 PM,,MAX,N,B,M,21,DE,N,Y,125.25,Y
20212515,12/28/2020 07:57:16 PM,,MAX,N,B,M,19,DE,N,Y,105.17,Y
20038918,12/29/2020 11:55:44 AM,,MED,N,O,M,27,DE,N,N,120.10,N
20163677,12/29/2020 12:16:38 PM,,MAX,Y,B,M,22,DE,N,Y,125.25,Y
20196117,12/30/2020 01:22:04 AM,,MAX,Y,O,M,23,DE,N,N,125.25,Y
20160188,12/30/2020 02:12:56 AM,,MAX,N,O,M,22,DE,N,Y,125.25,Y
103566,12/30/2020 11:13:39 AM,,MAX,N,B,M,57,DE,N,N,220.16,Y
20212528,12/30/2020 11:45:33 AM,,MED,Y,O,M,20,DE,N,Y,110-125.25,Y
93527,12/30/2020 01:15:12 PM,,MED,N,B,M,37,DE,N,N,AC 000.00,Y
53053,12/30/2020 05:12:00 PM,,MAX,Y,B,M,38,DE,N,N,125.25,Y
152169,12/30/2020 05:37:05 PM,,MAX,N,B,M,31,DE,N,Y,125.25,N
20152362,12/30/2020 05:38:00 PM,,MAX,Y,B,M,24,DEP,N,Y,110-125.25,Y
20006595,12/30/2020 07:27:00 PM,,MED,N,B,M,32,DEP,N,Y,120.05,Y
